endpoint,feature,band,n,reconstructed,novel,unique_representative,novel_unique,terminal_verified,strict_stable,meta_stable,strict_sun,meta_sun,verified_strict_sun,verified_meta_sun,known_hull,known_finite_terminal,statuses
reference_native,N,2-4,56,56,55,55,54,23,6,30,5,29,1,13,53,53,"{""invalid_terminal"": 1, ""not_converged"": 32, ""verified"": 23}"
reference_native,N,5-8,60,60,60,60,60,20,0,13,0,13,0,6,59,59,"{""invalid_terminal"": 13, ""not_converged"": 27, ""verified"": 20}"
reference_native,N,9-12,59,59,59,59,59,13,0,10,0,10,0,6,57,57,"{""invalid_terminal"": 28, ""not_converged"": 18, ""verified"": 13}"
reference_native,N,13-20,81,80,80,80,80,7,1,3,1,3,0,1,78,78,"{""generation_failure"": 1, ""invalid_terminal"": 52, ""not_converged"": 21, ""verified"": 7}"
reference_native,arity,1-2,54,54,54,54,54,16,2,16,2,16,1,7,49,49,"{""invalid_terminal"": 17, ""not_converged"": 21, ""verified"": 16}"
reference_native,arity,3,147,146,145,145,144,38,4,33,3,32,0,14,143,143,"{""generation_failure"": 1, ""invalid_terminal"": 49, ""not_converged"": 59, ""verified"": 38}"
reference_native,arity,4+,55,55,55,55,55,9,1,7,1,7,0,5,55,55,"{""invalid_terminal"": 28, ""not_converged"": 18, ""verified"": 9}"
reference_native,volume_per_atom_A3,<5,4,4,4,4,4,0,1,1,1,1,0,0,4,4,"{""invalid_terminal"": 4}"
reference_native,volume_per_atom_A3,5-10,25,25,25,25,25,4,0,1,0,1,0,0,25,25,"{""invalid_terminal"": 15, ""not_converged"": 6, ""verified"": 4}"
reference_native,volume_per_atom_A3,10-20,135,135,134,135,134,30,2,25,2,25,0,12,132,132,"{""invalid_terminal"": 56, ""not_converged"": 49, ""verified"": 30}"
reference_native,volume_per_atom_A3,20-40,80,80,80,79,79,25,4,26,3,25,1,13,76,76,"{""invalid_terminal"": 18, ""not_converged"": 37, ""verified"": 25}"
reference_native,volume_per_atom_A3,>=40,11,11,11,11,11,4,0,3,0,3,0,1,10,10,"{""invalid_terminal"": 1, ""not_converged"": 6, ""verified"": 4}"
reference_native,min_distance_A,<0.5,0,0,0,0,0,0,0,0,0,0,0,0,0,0,{}
reference_native,min_distance_A,0.5-1,133,133,133,133,133,11,1,11,1,11,0,3,130,130,"{""invalid_terminal"": 92, ""not_converged"": 30, ""verified"": 11}"
reference_native,min_distance_A,1-1.5,58,58,58,58,58,19,2,15,2,15,1,7,58,58,"{""invalid_terminal"": 2, ""not_converged"": 37, ""verified"": 19}"
reference_native,min_distance_A,1.5-2,46,46,46,45,45,24,3,26,2,25,0,14,45,45,"{""not_converged"": 22, ""verified"": 24}"
reference_native,min_distance_A,>=2,18,18,17,18,17,9,1,4,1,4,0,2,14,14,"{""not_converged"": 9, ""verified"": 9}"
reference_native,mass_density_g_cm3,<2,7,7,7,7,7,0,0,2,0,2,0,0,7,7,"{""invalid_terminal"": 1, ""not_converged"": 6}"
reference_native,mass_density_g_cm3,2-5,76,76,76,76,76,21,1,15,1,15,1,11,75,75,"{""invalid_terminal"": 30, ""not_converged"": 25, ""verified"": 21}"
reference_native,mass_density_g_cm3,5-10,115,115,114,114,113,31,4,25,3,24,0,11,112,112,"{""invalid_terminal"": 36, ""not_converged"": 48, ""verified"": 31}"
reference_native,mass_density_g_cm3,>=10,57,57,57,57,57,11,2,14,2,14,0,4,53,53,"{""invalid_terminal"": 27, ""not_converged"": 19, ""verified"": 11}"
reference_native,lattice_condition,<2,98,98,98,98,98,17,2,11,2,11,1,4,96,96,"{""invalid_terminal"": 51, ""not_converged"": 30, ""verified"": 17}"
reference_native,lattice_condition,2-4,135,135,134,134,133,42,4,37,3,36,0,19,130,130,"{""invalid_terminal"": 32, ""not_converged"": 61, ""verified"": 42}"
reference_native,lattice_condition,>=4,22,22,22,22,22,4,1,8,1,8,0,3,21,21,"{""invalid_terminal"": 11, ""not_converged"": 7, ""verified"": 4}"
reference_tau,N,2-4,56,56,41,55,41,26,7,37,4,24,1,10,53,53,"{""not_converged"": 30, ""verified"": 26}"
reference_tau,N,5-8,60,60,52,59,52,22,9,34,6,27,4,13,59,59,"{""not_converged"": 38, ""verified"": 22}"
reference_tau,N,9-12,59,59,50,59,50,22,7,39,6,30,4,10,57,57,"{""not_converged"": 37, ""verified"": 22}"
reference_tau,N,13-20,81,80,78,80,78,29,3,42,3,40,1,16,78,78,"{""generation_failure"": 1, ""not_converged"": 51, ""verified"": 29}"
reference_tau,arity,1-2,54,54,42,53,42,20,5,36,3,26,1,8,49,49,"{""not_converged"": 34, ""verified"": 20}"
reference_tau,arity,3,147,146,131,145,131,63,18,86,13,72,7,33,143,143,"{""generation_failure"": 1, ""not_converged"": 83, ""verified"": 63}"
reference_tau,arity,4+,55,55,48,55,48,16,3,30,3,23,2,8,55,55,"{""not_converged"": 39, ""verified"": 16}"
reference_tau,volume_per_atom_A3,<5,0,0,0,0,0,0,0,0,0,0,0,0,0,0,{}
reference_tau,volume_per_atom_A3,5-10,3,3,3,3,3,0,0,2,0,2,0,0,3,3,"{""not_converged"": 3}"
reference_tau,volume_per_atom_A3,10-20,130,130,114,130,114,31,10,66,7,50,1,9,129,129,"{""not_converged"": 99, ""verified"": 31}"
reference_tau,volume_per_atom_A3,20-40,120,120,102,118,102,66,15,82,11,67,8,38,113,113,"{""not_converged"": 54, ""verified"": 66}"
reference_tau,volume_per_atom_A3,>=40,2,2,2,2,2,2,1,2,1,2,1,2,2,2,"{""verified"": 2}"
reference_tau,min_distance_A,<0.5,0,0,0,0,0,0,0,0,0,0,0,0,0,0,{}
reference_tau,min_distance_A,0.5-1,3,3,3,3,3,1,0,0,0,0,0,0,3,3,"{""not_converged"": 2, ""verified"": 1}"
reference_tau,min_distance_A,1-1.5,3,3,3,3,3,1,0,1,0,1,0,0,3,3,"{""not_converged"": 2, ""verified"": 1}"
reference_tau,min_distance_A,1.5-2,64,64,60,64,60,12,3,27,3,23,1,6,64,64,"{""not_converged"": 52, ""verified"": 12}"
reference_tau,min_distance_A,>=2,185,185,155,183,155,85,23,124,16,97,9,43,177,177,"{""not_converged"": 100, ""verified"": 85}"
reference_tau,mass_density_g_cm3,<2,4,4,4,4,4,2,0,2,0,2,0,1,4,4,"{""not_converged"": 2, ""verified"": 2}"
reference_tau,mass_density_g_cm3,2-5,88,88,80,88,80,37,4,46,3,38,2,21,88,88,"{""not_converged"": 51, ""verified"": 37}"
reference_tau,mass_density_g_cm3,5-10,140,140,119,138,119,50,19,88,15,70,8,23,134,134,"{""not_converged"": 90, ""verified"": 50}"
reference_tau,mass_density_g_cm3,>=10,23,23,18,23,18,10,3,16,1,11,0,4,21,21,"{""not_converged"": 13, ""verified"": 10}"
reference_tau,lattice_condition,<2,135,135,112,134,112,49,11,82,8,62,3,25,131,131,"{""not_converged"": 86, ""verified"": 49}"
reference_tau,lattice_condition,2-4,105,105,94,104,94,41,15,63,11,52,7,22,101,101,"{""not_converged"": 64, ""verified"": 41}"
reference_tau,lattice_condition,>=4,15,15,15,15,15,9,0,7,0,7,0,2,15,15,"{""not_converged"": 6, ""verified"": 9}"
k4_native,N,2-4,56,56,55,55,54,20,7,27,6,26,2,9,53,53,"{""invalid_terminal"": 2, ""not_converged"": 34, ""verified"": 20}"
k4_native,N,5-8,60,60,60,60,60,24,1,14,1,14,1,11,59,59,"{""invalid_terminal"": 12, ""not_converged"": 24, ""verified"": 24}"
k4_native,N,9-12,59,59,59,59,59,13,0,11,0,11,0,9,57,57,"{""invalid_terminal"": 34, ""not_converged"": 12, ""verified"": 13}"
k4_native,N,13-20,81,79,79,79,79,4,0,6,0,6,0,1,77,77,"{""generation_failure"": 2, ""invalid_terminal"": 53, ""not_converged"": 21, ""relaxation_energy_increased"": 1, ""verified"": 4}"
k4_native,arity,1-2,54,54,54,54,54,16,4,16,4,16,3,9,49,49,"{""invalid_terminal"": 19, ""not_converged"": 19, ""verified"": 16}"
k4_native,arity,3,147,146,145,145,144,33,4,34,3,33,0,15,143,143,"{""generation_failure"": 1, ""invalid_terminal"": 54, ""not_converged"": 59, ""verified"": 33}"
k4_native,arity,4+,55,54,54,54,54,12,0,8,0,8,0,6,54,54,"{""generation_failure"": 1, ""invalid_terminal"": 28, ""not_converged"": 13, ""relaxation_energy_increased"": 1, ""verified"": 12}"
k4_native,volume_per_atom_A3,<5,9,9,9,9,9,0,0,0,0,0,0,0,9,9,"{""invalid_terminal"": 4, ""not_converged"": 5}"
k4_native,volume_per_atom_A3,5-10,55,55,55,55,55,8,0,6,0,6,0,3,55,55,"{""invalid_terminal"": 38, ""not_converged"": 8, ""relaxation_energy_increased"": 1, ""verified"": 8}"
k4_native,volume_per_atom_A3,10-20,127,127,126,127,126,27,4,29,4,29,1,15,122,122,"{""invalid_terminal"": 48, ""not_converged"": 52, ""verified"": 27}"
k4_native,volume_per_atom_A3,20-40,61,61,61,60,60,26,4,23,3,22,2,12,58,58,"{""invalid_terminal"": 11, ""not_converged"": 24, ""verified"": 26}"
k4_native,volume_per_atom_A3,>=40,2,2,2,2,2,0,0,0,0,0,0,0,2,2,"{""not_converged"": 2}"
k4_native,min_distance_A,<0.5,0,0,0,0,0,0,0,0,0,0,0,0,0,0,{}
k4_native,min_distance_A,0.5-1,130,130,130,130,130,6,0,9,0,9,0,4,127,127,"{""invalid_terminal"": 96, ""not_converged"": 27, ""relaxation_energy_increased"": 1, ""verified"": 6}"
k4_native,min_distance_A,1-1.5,52,52,52,52,52,19,2,16,2,16,1,8,50,50,"{""invalid_terminal"": 5, ""not_converged"": 28, ""verified"": 19}"
k4_native,min_distance_A,1.5-2,49,49,49,48,48,25,5,27,4,26,2,14,49,49,"{""not_converged"": 24, ""verified"": 25}"
k4_native,min_distance_A,>=2,23,23,22,23,22,11,1,6,1,6,0,4,20,20,"{""not_converged"": 12, ""verified"": 11}"
k4_native,mass_density_g_cm3,<2,6,6,6,6,6,2,0,1,0,1,0,0,6,6,"{""invalid_terminal"": 1, ""not_converged"": 3, ""verified"": 2}"
k4_native,mass_density_g_cm3,2-5,42,42,42,42,42,16,2,12,2,12,2,10,42,42,"{""invalid_terminal"": 13, ""not_converged"": 13, ""verified"": 16}"
k4_native,mass_density_g_cm3,5-10,115,115,114,114,113,20,3,26,2,25,0,11,113,113,"{""invalid_terminal"": 48, ""not_converged"": 46, ""relaxation_energy_increased"": 1, ""verified"": 20}"
k4_native,mass_density_g_cm3,>=10,91,91,91,91,91,23,3,19,3,19,1,9,85,85,"{""invalid_terminal"": 39, ""not_converged"": 29, ""verified"": 23}"
k4_native,lattice_condition,<2,95,95,95,95,95,16,3,12,3,12,2,7,92,92,"{""invalid_terminal"": 57, ""not_converged"": 22, ""verified"": 16}"
k4_native,lattice_condition,2-4,134,134,133,133,132,41,5,42,4,41,1,21,129,129,"{""invalid_terminal"": 36, ""not_converged"": 56, ""relaxation_energy_increased"": 1, ""verified"": 41}"
k4_native,lattice_condition,>=4,25,25,25,25,25,4,0,4,0,4,0,2,25,25,"{""invalid_terminal"": 8, ""not_converged"": 13, ""verified"": 4}"
k4_tau,N,2-4,56,56,41,55,41,29,8,37,5,24,1,12,53,53,"{""not_converged"": 27, ""verified"": 29}"
k4_tau,N,5-8,60,60,52,60,52,25,10,38,7,30,7,15,59,59,"{""not_converged"": 35, ""verified"": 25}"
k4_tau,N,9-12,59,59,46,58,46,22,8,44,5,32,1,14,57,57,"{""not_converged"": 37, ""verified"": 22}"
k4_tau,N,13-20,81,79,78,79,78,24,2,41,2,40,0,12,77,76,"{""generation_failure"": 2, ""invalid_raw"": 1, ""not_converged"": 54, ""verified"": 24}"
k4_tau,arity,1-2,54,54,40,54,40,24,6,42,4,30,2,11,49,49,"{""not_converged"": 30, ""verified"": 24}"
k4_tau,arity,3,147,146,129,144,129,57,20,85,13,69,7,35,143,142,"{""generation_failure"": 1, ""invalid_raw"": 1, ""not_converged"": 88, ""verified"": 57}"
k4_tau,arity,4+,55,54,48,54,48,19,2,33,2,27,0,7,54,54,"{""generation_failure"": 1, ""not_converged"": 35, ""verified"": 19}"
k4_tau,volume_per_atom_A3,<5,0,0,0,0,0,0,0,0,0,0,0,0,0,0,{}
k4_tau,volume_per_atom_A3,5-10,4,4,4,4,4,0,0,1,0,1,0,0,4,3,"{""invalid_raw"": 1, ""not_converged"": 3}"
k4_tau,volume_per_atom_A3,10-20,128,128,108,128,108,27,14,77,10,58,2,11,127,127,"{""not_converged"": 101, ""verified"": 27}"
k4_tau,volume_per_atom_A3,20-40,120,120,103,118,103,71,13,80,8,65,6,40,113,113,"{""not_converged"": 49, ""verified"": 71}"
k4_tau,volume_per_atom_A3,>=40,2,2,2,2,2,2,1,2,1,2,1,2,2,2,"{""verified"": 2}"
k4_tau,min_distance_A,<0.5,1,1,1,1,1,0,0,0,0,0,0,0,1,0,"{""invalid_raw"": 1}"
k4_tau,min_distance_A,0.5-1,1,1,1,1,1,0,0,0,0,0,0,0,1,1,"{""not_converged"": 1}"
k4_tau,min_distance_A,1-1.5,4,4,4,4,4,0,1,2,1,2,0,0,4,4,"{""not_converged"": 4}"
k4_tau,min_distance_A,1.5-2,62,62,55,62,55,14,3,31,2,24,0,3,62,62,"{""not_converged"": 48, ""verified"": 14}"
k4_tau,min_distance_A,>=2,186,186,156,184,156,86,24,127,16,100,9,50,178,178,"{""not_converged"": 100, ""verified"": 86}"
k4_tau,mass_density_g_cm3,<2,4,4,4,4,4,0,0,2,0,2,0,0,4,3,"{""invalid_raw"": 1, ""not_converged"": 3}"
k4_tau,mass_density_g_cm3,2-5,87,87,77,87,77,36,5,46,3,36,1,14,87,87,"{""not_converged"": 51, ""verified"": 36}"
k4_tau,mass_density_g_cm3,5-10,139,139,118,137,118,52,20,96,15,77,7,32,133,133,"{""not_converged"": 87, ""verified"": 52}"
k4_tau,mass_density_g_cm3,>=10,24,24,18,24,18,12,3,16,1,11,1,7,22,22,"{""not_converged"": 12, ""verified"": 12}"
k4_tau,lattice_condition,<2,122,122,99,122,99,47,10,78,7,57,4,21,119,119,"{""not_converged"": 75, ""verified"": 47}"
k4_tau,lattice_condition,2-4,117,117,103,115,103,48,18,77,12,64,5,29,112,111,"{""invalid_raw"": 1, ""not_converged"": 68, ""verified"": 48}"
k4_tau,lattice_condition,>=4,15,15,15,15,15,5,0,5,0,5,0,3,15,15,"{""not_converged"": 10, ""verified"": 5}"
k8_native,N,2-4,56,56,55,55,54,22,8,31,7,30,2,12,53,53,"{""invalid_terminal"": 1, ""not_converged"": 33, ""verified"": 22}"
k8_native,N,5-8,60,60,60,60,60,25,2,19,2,19,1,9,59,59,"{""invalid_terminal"": 8, ""not_converged"": 27, ""verified"": 25}"
k8_native,N,9-12,59,58,58,58,58,18,1,10,1,10,1,7,56,56,"{""generation_failure"": 1, ""invalid_terminal"": 19, ""not_converged"": 21, ""verified"": 18}"
k8_native,N,13-20,81,78,78,78,78,11,1,7,1,7,0,2,76,76,"{""generation_failure"": 3, ""invalid_terminal"": 49, ""not_converged"": 18, ""verified"": 11}"
k8_native,arity,1-2,54,54,54,54,54,18,5,19,5,19,2,7,49,49,"{""invalid_terminal"": 13, ""not_converged"": 23, ""verified"": 18}"
k8_native,arity,3,147,143,142,142,141,46,6,42,5,41,2,20,140,140,"{""generation_failure"": 4, ""invalid_terminal"": 39, ""not_converged"": 58, ""verified"": 46}"
k8_native,arity,4+,55,55,55,55,55,12,1,6,1,6,0,3,55,55,"{""invalid_terminal"": 25, ""not_converged"": 18, ""verified"": 12}"
k8_native,volume_per_atom_A3,<5,4,4,4,4,4,1,1,1,1,1,0,0,4,4,"{""invalid_terminal"": 2, ""not_converged"": 1, ""verified"": 1}"
k8_native,volume_per_atom_A3,5-10,39,39,39,39,39,4,0,7,0,7,0,2,39,39,"{""invalid_terminal"": 20, ""not_converged"": 15, ""verified"": 4}"
k8_native,volume_per_atom_A3,10-20,136,136,135,136,135,41,6,30,6,30,3,16,133,133,"{""invalid_terminal"": 44, ""not_converged"": 51, ""verified"": 41}"
k8_native,volume_per_atom_A3,20-40,71,71,71,70,70,29,5,28,4,27,1,11,66,66,"{""invalid_terminal"": 11, ""not_converged"": 31, ""verified"": 29}"
k8_native,volume_per_atom_A3,>=40,2,2,2,2,2,1,0,1,0,1,0,1,2,2,"{""not_converged"": 1, ""verified"": 1}"
k8_native,min_distance_A,<0.5,0,0,0,0,0,0,0,0,0,0,0,0,0,0,{}
k8_native,min_distance_A,0.5-1,106,106,106,106,106,9,2,7,2,7,1,3,105,105,"{""invalid_terminal"": 74, ""not_converged"": 23, ""verified"": 9}"
k8_native,min_distance_A,1-1.5,66,66,66,66,66,29,2,17,2,17,0,8,62,62,"{""invalid_terminal"": 3, ""not_converged"": 34, ""verified"": 29}"
k8_native,min_distance_A,1.5-2,52,52,52,51,51,25,6,33,5,32,3,16,52,52,"{""not_converged"": 27, ""verified"": 25}"
k8_native,min_distance_A,>=2,28,28,27,28,27,13,2,10,2,10,0,3,25,25,"{""not_converged"": 15, ""verified"": 13}"
k8_native,mass_density_g_cm3,<2,5,5,5,5,5,0,0,1,0,1,0,0,5,5,"{""invalid_terminal"": 2, ""not_converged"": 3}"
k8_native,mass_density_g_cm3,2-5,61,61,61,61,61,24,3,14,3,14,1,7,61,61,"{""invalid_terminal"": 17, ""not_converged"": 20, ""verified"": 24}"
k8_native,mass_density_g_cm3,5-10,110,110,109,109,108,27,4,26,3,25,1,11,106,106,"{""invalid_terminal"": 38, ""not_converged"": 45, ""verified"": 27}"
k8_native,mass_density_g_cm3,>=10,76,76,76,76,76,25,5,26,5,26,2,12,72,72,"{""invalid_terminal"": 20, ""not_converged"": 31, ""verified"": 25}"
k8_native,lattice_condition,<2,103,103,103,103,103,24,4,17,4,17,2,7,100,100,"{""invalid_terminal"": 44, ""not_converged"": 35, ""verified"": 24}"
k8_native,lattice_condition,2-4,128,128,127,127,126,48,7,43,6,42,2,21,123,123,"{""invalid_terminal"": 26, ""not_converged"": 54, ""verified"": 48}"
k8_native,lattice_condition,>=4,21,21,21,21,21,4,1,7,1,7,0,2,21,21,"{""invalid_terminal"": 7, ""not_converged"": 10, ""verified"": 4}"
k8_tau,N,2-4,56,56,41,55,41,22,8,37,5,24,1,8,53,53,"{""not_converged"": 34, ""verified"": 22}"
k8_tau,N,5-8,60,60,50,59,50,25,10,33,7,24,6,16,59,59,"{""not_converged"": 35, ""verified"": 25}"
k8_tau,N,9-12,59,58,47,58,47,16,5,42,4,32,1,12,56,56,"{""generation_failure"": 1, ""not_converged"": 42, ""verified"": 16}"
k8_tau,N,13-20,81,78,76,78,76,19,1,45,1,43,0,11,76,76,"{""generation_failure"": 3, ""not_converged"": 59, ""verified"": 19}"
k8_tau,arity,1-2,54,54,40,53,40,21,5,39,3,28,1,11,49,49,"{""not_converged"": 33, ""verified"": 21}"
k8_tau,arity,3,147,143,126,142,126,47,16,86,11,70,6,29,140,140,"{""generation_failure"": 4, ""not_converged"": 96, ""verified"": 47}"
k8_tau,arity,4+,55,55,48,55,48,14,3,32,3,25,1,7,55,55,"{""not_converged"": 41, ""verified"": 14}"
k8_tau,volume_per_atom_A3,<5,0,0,0,0,0,0,0,0,0,0,0,0,0,0,{}
k8_tau,volume_per_atom_A3,5-10,3,3,3,3,3,0,0,1,0,1,0,0,3,3,"{""not_converged"": 3}"
k8_tau,volume_per_atom_A3,10-20,129,129,112,129,112,24,11,74,8,58,2,12,128,128,"{""not_converged"": 105, ""verified"": 24}"
k8_tau,volume_per_atom_A3,20-40,118,118,97,116,97,56,12,80,8,62,5,33,111,111,"{""not_converged"": 62, ""verified"": 56}"
k8_tau,volume_per_atom_A3,>=40,2,2,2,2,2,2,1,2,1,2,1,2,2,2,"{""verified"": 2}"
k8_tau,min_distance_A,<0.5,0,0,0,0,0,0,0,0,0,0,0,0,0,0,{}
k8_tau,min_distance_A,0.5-1,2,2,2,2,2,0,0,0,0,0,0,0,2,2,"{""not_converged"": 2}"
k8_tau,min_distance_A,1-1.5,6,6,6,6,6,2,0,2,0,2,0,1,6,6,"{""not_converged"": 4, ""verified"": 2}"
k8_tau,min_distance_A,1.5-2,61,61,56,61,56,9,2,32,2,27,0,5,61,61,"{""not_converged"": 52, ""verified"": 9}"
k8_tau,min_distance_A,>=2,183,183,150,181,150,71,22,123,15,94,8,41,175,175,"{""not_converged"": 112, ""verified"": 71}"
k8_tau,mass_density_g_cm3,<2,3,3,3,3,3,0,0,1,0,1,0,0,3,3,"{""not_converged"": 3}"
k8_tau,mass_density_g_cm3,2-5,88,88,77,88,77,34,5,51,3,40,2,20,88,88,"{""not_converged"": 54, ""verified"": 34}"
k8_tau,mass_density_g_cm3,5-10,137,137,116,135,116,38,15,89,12,71,6,23,131,131,"{""not_converged"": 99, ""verified"": 38}"
k8_tau,mass_density_g_cm3,>=10,24,24,18,24,18,10,4,16,2,11,0,4,22,22,"{""not_converged"": 14, ""verified"": 10}"
k8_tau,lattice_condition,<2,127,127,105,126,105,44,9,77,6,58,2,21,123,123,"{""not_converged"": 83, ""verified"": 44}"
k8_tau,lattice_condition,2-4,110,110,95,109,95,35,15,73,11,59,6,25,106,106,"{""not_converged"": 75, ""verified"": 35}"
k8_tau,lattice_condition,>=4,15,15,14,15,14,3,0,7,0,6,0,1,15,15,"{""not_converged"": 12, ""verified"": 3}"
g_native,N,2-4,56,56,56,56,56,20,8,31,8,31,5,14,53,52,"{""invalid_raw"": 2, ""invalid_terminal"": 5, ""not_converged"": 29, ""verified"": 20}"
g_native,N,5-8,60,60,60,60,60,17,1,22,1,22,1,10,59,53,"{""invalid_raw"": 6, ""invalid_terminal"": 9, ""not_converged"": 28, ""verified"": 17}"
g_native,N,9-12,59,59,59,59,59,11,0,7,0,7,0,3,57,47,"{""invalid_raw"": 10, ""invalid_terminal"": 16, ""not_converged"": 22, ""verified"": 11}"
g_native,N,13-20,81,81,81,81,81,12,0,1,0,1,0,1,79,57,"{""invalid_raw"": 22, ""invalid_terminal"": 34, ""not_converged"": 13, ""verified"": 12}"
g_native,arity,1-2,54,54,54,54,54,19,2,23,2,23,1,13,49,43,"{""invalid_raw"": 7, ""invalid_terminal"": 12, ""not_converged"": 16, ""verified"": 19}"
g_native,arity,3,147,147,147,147,147,33,7,34,7,34,5,14,144,124,"{""invalid_raw"": 20, ""invalid_terminal"": 32, ""not_converged"": 62, ""verified"": 33}"
g_native,arity,4+,55,55,55,55,55,8,0,4,0,4,0,1,55,42,"{""invalid_raw"": 13, ""invalid_terminal"": 20, ""not_converged"": 14, ""verified"": 8}"
g_native,volume_per_atom_A3,<5,2,2,2,2,2,0,0,0,0,0,0,0,2,1,"{""invalid_raw"": 1, ""invalid_terminal"": 1}"
g_native,volume_per_atom_A3,5-10,27,27,27,27,27,1,0,1,0,1,0,0,27,15,"{""invalid_raw"": 12, ""invalid_terminal"": 13, ""not_converged"": 1, ""verified"": 1}"
g_native,volume_per_atom_A3,10-20,109,109,109,109,109,17,4,24,4,24,3,7,108,92,"{""invalid_raw"": 16, ""invalid_terminal"": 35, ""not_converged"": 41, ""verified"": 17}"
g_native,volume_per_atom_A3,20-40,105,105,105,105,105,39,4,31,4,31,3,19,98,89,"{""invalid_raw"": 10, ""invalid_terminal"": 14, ""not_converged"": 42, ""verified"": 39}"
g_native,volume_per_atom_A3,>=40,13,13,13,13,13,3,1,5,1,5,0,2,13,12,"{""invalid_raw"": 1, ""invalid_terminal"": 1, ""not_converged"": 8, ""verified"": 3}"
g_native,min_distance_A,<0.5,40,40,40,40,40,0,0,0,0,0,0,0,39,0,"{""invalid_raw"": 40}"
g_native,min_distance_A,0.5-1,102,102,102,102,102,11,3,11,3,11,1,4,100,100,"{""invalid_terminal"": 61, ""not_converged"": 30, ""verified"": 11}"
g_native,min_distance_A,1-1.5,67,67,67,67,67,26,3,26,3,26,3,12,65,65,"{""invalid_terminal"": 3, ""not_converged"": 38, ""verified"": 26}"
g_native,min_distance_A,1.5-2,38,38,38,38,38,17,2,20,2,20,1,9,35,35,"{""not_converged"": 21, ""verified"": 17}"
g_native,min_distance_A,>=2,9,9,9,9,9,6,1,4,1,4,1,3,9,9,"{""not_converged"": 3, ""verified"": 6}"
g_native,mass_density_g_cm3,<2,10,10,10,10,10,0,0,2,0,2,0,0,10,8,"{""invalid_raw"": 2, ""invalid_terminal"": 2, ""not_converged"": 6}"
g_native,mass_density_g_cm3,2-5,80,80,80,80,80,25,2,14,2,14,1,8,80,70,"{""invalid_raw"": 10, ""invalid_terminal"": 10, ""not_converged"": 35, ""verified"": 25}"
g_native,mass_density_g_cm3,5-10,120,120,120,120,120,27,4,32,4,32,2,14,113,94,"{""invalid_raw"": 20, ""invalid_terminal"": 38, ""not_converged"": 35, ""verified"": 27}"
g_native,mass_density_g_cm3,>=10,46,46,46,46,46,8,3,13,3,13,3,6,45,37,"{""invalid_raw"": 8, ""invalid_terminal"": 14, ""not_converged"": 16, ""verified"": 8}"
g_native,lattice_condition,<2,56,56,56,56,56,17,1,12,1,12,1,8,53,41,"{""invalid_raw"": 13, ""invalid_terminal"": 10, ""not_converged"": 16, ""verified"": 17}"
g_native,lattice_condition,2-4,155,155,155,155,155,35,5,39,5,39,3,17,150,130,"{""invalid_raw"": 20, ""invalid_terminal"": 42, ""not_converged"": 58, ""verified"": 35}"
g_native,lattice_condition,>=4,45,45,45,45,45,8,3,10,3,10,2,3,45,38,"{""invalid_raw"": 7, ""invalid_terminal"": 12, ""not_converged"": 18, ""verified"": 8}"
g_tau,N,2-4,56,56,41,55,41,25,8,39,5,26,2,9,53,53,"{""not_converged"": 31, ""verified"": 25}"
g_tau,N,5-8,60,60,54,59,54,23,7,34,5,29,3,12,59,59,"{""not_converged"": 37, ""verified"": 23}"
g_tau,N,9-12,59,59,52,58,52,22,5,33,3,27,1,16,57,57,"{""not_converged"": 37, ""verified"": 22}"
g_tau,N,13-20,81,81,77,81,77,25,0,37,0,34,0,10,79,79,"{""not_converged"": 56, ""verified"": 25}"
g_tau,arity,1-2,54,54,42,53,42,26,5,37,4,29,2,13,49,49,"{""not_converged"": 28, ""verified"": 26}"
g_tau,arity,3,147,147,130,145,130,53,14,82,8,66,4,28,144,144,"{""not_converged"": 94, ""verified"": 53}"
g_tau,arity,4+,55,55,52,55,52,16,1,24,1,21,0,6,55,55,"{""not_converged"": 39, ""verified"": 16}"
g_tau,volume_per_atom_A3,<5,0,0,0,0,0,0,0,0,0,0,0,0,0,0,{}
g_tau,volume_per_atom_A3,5-10,3,3,2,3,2,0,0,2,0,1,0,0,3,3,"{""not_converged"": 3}"
g_tau,volume_per_atom_A3,10-20,132,132,118,132,118,28,9,60,6,47,1,9,131,131,"{""not_converged"": 104, ""verified"": 28}"
g_tau,volume_per_atom_A3,20-40,116,116,99,113,99,63,9,78,5,65,3,35,109,109,"{""not_converged"": 53, ""verified"": 63}"
g_tau,volume_per_atom_A3,>=40,5,5,5,5,5,4,2,3,2,3,2,3,5,5,"{""not_converged"": 1, ""verified"": 4}"
g_tau,min_distance_A,<0.5,0,0,0,0,0,0,0,0,0,0,0,0,0,0,{}
g_tau,min_distance_A,0.5-1,1,1,1,1,1,0,0,0,0,0,0,0,1,1,"{""not_converged"": 1}"
g_tau,min_distance_A,1-1.5,6,6,6,6,6,1,1,1,1,1,1,1,6,6,"{""not_converged"": 5, ""verified"": 1}"
g_tau,min_distance_A,1.5-2,62,62,59,62,59,13,1,22,1,19,0,3,62,62,"{""not_converged"": 49, ""verified"": 13}"
g_tau,min_distance_A,>=2,187,187,158,184,158,81,18,120,11,96,5,43,179,179,"{""not_converged"": 106, ""verified"": 81}"
g_tau,mass_density_g_cm3,<2,7,7,7,7,7,4,0,1,0,1,0,1,7,7,"{""not_converged"": 3, ""verified"": 4}"
g_tau,mass_density_g_cm3,2-5,88,88,81,88,81,30,1,41,1,34,1,15,88,88,"{""not_converged"": 58, ""verified"": 30}"
g_tau,mass_density_g_cm3,5-10,137,137,117,134,117,53,16,84,11,68,5,27,131,131,"{""not_converged"": 84, ""verified"": 53}"
g_tau,mass_density_g_cm3,>=10,24,24,19,24,19,8,3,17,1,13,0,4,22,22,"{""not_converged"": 16, ""verified"": 8}"
g_tau,lattice_condition,<2,132,132,110,131,110,44,9,74,6,56,2,17,128,128,"{""not_converged"": 88, ""verified"": 44}"
g_tau,lattice_condition,2-4,95,95,86,93,86,41,11,57,7,49,4,26,91,91,"{""not_converged"": 54, ""verified"": 41}"
g_tau,lattice_condition,>=4,29,29,28,29,28,10,0,12,0,11,0,4,29,29,"{""not_converged"": 19, ""verified"": 10}"
g_quantized,N,2-4,56,56,56,56,56,18,5,29,5,29,2,9,53,52,"{""invalid_raw"": 2, ""invalid_terminal"": 7, ""not_converged"": 28, ""optimizer_stop_unverified"": 1, ""verified"": 18}"
g_quantized,N,5-8,60,60,60,60,60,19,1,19,1,19,0,10,59,53,"{""invalid_raw"": 6, ""invalid_terminal"": 9, ""not_converged"": 26, ""verified"": 19}"
g_quantized,N,9-12,59,59,59,59,59,9,0,7,0,7,0,5,57,49,"{""invalid_raw"": 8, ""invalid_terminal"": 17, ""not_converged"": 25, ""verified"": 9}"
g_quantized,N,13-20,81,81,81,81,81,8,0,3,0,3,0,2,79,57,"{""invalid_raw"": 22, ""invalid_terminal"": 31, ""not_converged"": 20, ""verified"": 8}"
g_quantized,arity,1-2,54,54,54,54,54,14,2,21,2,21,1,6,49,43,"{""invalid_raw"": 7, ""invalid_terminal"": 14, ""not_converged"": 19, ""verified"": 14}"
g_quantized,arity,3,147,147,147,147,147,33,4,33,4,33,1,16,144,127,"{""invalid_raw"": 17, ""invalid_terminal"": 32, ""not_converged"": 64, ""optimizer_stop_unverified"": 1, ""verified"": 33}"
g_quantized,arity,4+,55,55,55,55,55,7,0,4,0,4,0,4,55,41,"{""invalid_raw"": 14, ""invalid_terminal"": 18, ""not_converged"": 16, ""verified"": 7}"
g_quantized,volume_per_atom_A3,<5,2,2,2,2,2,0,0,0,0,0,0,0,2,1,"{""invalid_raw"": 1, ""invalid_terminal"": 1}"
g_quantized,volume_per_atom_A3,5-10,27,27,27,27,27,0,0,1,0,1,0,0,27,15,"{""invalid_raw"": 12, ""invalid_terminal"": 12, ""not_converged"": 3}"
g_quantized,volume_per_atom_A3,10-20,109,109,109,109,109,19,4,18,4,18,1,8,108,93,"{""invalid_raw"": 15, ""invalid_terminal"": 36, ""not_converged"": 39, ""verified"": 19}"
g_quantized,volume_per_atom_A3,20-40,104,104,104,104,104,31,2,34,2,34,1,15,97,89,"{""invalid_raw"": 9, ""invalid_terminal"": 14, ""not_converged"": 50, ""verified"": 31}"
g_quantized,volume_per_atom_A3,>=40,14,14,14,14,14,4,0,5,0,5,0,3,14,13,"{""invalid_raw"": 1, ""invalid_terminal"": 1, ""not_converged"": 7, ""optimizer_stop_unverified"": 1, ""verified"": 4}"
g_quantized,min_distance_A,<0.5,38,38,38,38,38,0,0,0,0,0,0,0,37,0,"{""invalid_raw"": 38}"
g_quantized,min_distance_A,0.5-1,104,104,104,104,104,10,2,11,2,11,1,6,102,102,"{""invalid_terminal"": 60, ""not_converged"": 34, ""verified"": 10}"
g_quantized,min_distance_A,1-1.5,67,67,67,67,67,22,2,22,2,22,1,9,65,65,"{""invalid_terminal"": 4, ""not_converged"": 40, ""optimizer_stop_unverified"": 1, ""verified"": 22}"
g_quantized,min_distance_A,1.5-2,39,39,39,39,39,18,1,20,1,20,0,10,36,36,"{""not_converged"": 21, ""verified"": 18}"
g_quantized,min_distance_A,>=2,8,8,8,8,8,4,1,5,1,5,0,1,8,8,"{""not_converged"": 4, ""verified"": 4}"
g_quantized,mass_density_g_cm3,<2,10,10,10,10,10,1,0,2,0,2,0,1,10,8,"{""invalid_raw"": 2, ""invalid_terminal"": 2, ""not_converged"": 5, ""verified"": 1}"
g_quantized,mass_density_g_cm3,2-5,80,80,80,80,80,19,1,19,1,19,0,11,80,71,"{""invalid_raw"": 9, ""invalid_terminal"": 12, ""not_converged"": 39, ""optimizer_stop_unverified"": 1, ""verified"": 19}"
g_quantized,mass_density_g_cm3,5-10,121,121,121,121,121,28,1,26,1,26,1,11,114,95,"{""invalid_raw"": 20, ""invalid_terminal"": 34, ""not_converged"": 39, ""verified"": 28}"
g_quantized,mass_density_g_cm3,>=10,45,45,45,45,45,6,4,11,4,11,1,3,44,37,"{""invalid_raw"": 7, ""invalid_terminal"": 16, ""not_converged"": 16, ""verified"": 6}"
g_quantized,lattice_condition,<2,56,56,56,56,56,12,0,12,0,12,0,6,53,42,"{""invalid_raw"": 12, ""invalid_terminal"": 10, ""not_converged"": 22, ""verified"": 12}"
g_quantized,lattice_condition,2-4,154,154,154,154,154,33,3,35,3,35,2,15,149,130,"{""invalid_raw"": 19, ""invalid_terminal"": 42, ""not_converged"": 60, ""verified"": 33}"
g_quantized,lattice_condition,>=4,46,46,46,46,46,9,3,11,3,11,0,5,46,39,"{""invalid_raw"": 7, ""invalid_terminal"": 12, ""not_converged"": 17, ""optimizer_stop_unverified"": 1, ""verified"": 9}"
