split,state_id,composition_id,sample_idx,plan_ordinal,milestone,intervention_position,num_atoms,branches,known_returns,direct_valid,known_actions,action_energy_mean,action_energy_std,action_energy_range,cross_continuation_spearman,cross_pair_agreements,cross_pair_comparisons,oxide,sulfide,n13_20
train,00e8230dd0db0e0561d5312e07c498af6ceedffc1775e43f0894300f95efe4cc,12:1|57:2,42,21,0.6,9,6,8,8,8,8,-3.8269623816013336,0.008816142723201158,0.030082225799560547,,0,0,False,False,False
train,014c9acce4f035aabf5745b7df23e79902067133059baa50a15e69b7b8dff22f,7:3|38:1|43:1,142,82,0.6,45,10,8,8,8,8,-8.019754588603973,0.02430019878573425,0.0623626708984375,,0,0,False,False,False
train,0181a5c00933a62d11ea184126b66df4dc035edf60aa64d36be5047bbe370291,31:1|58:1,173,104,0.6,9,4,8,8,8,8,-4.941792190074921,2.477001518628615e-06,8.106231689453125e-06,,0,0,False,False,False
train,01ffc6aaef4d377a1aedbad13fcb97f965ed7bba3cc1637cdc09626126c72155,5:1|8:3|15:1|56:3,123,71,0.6,33,16,8,8,8,8,-6.270392119884491,0.1083017382353472,0.3964214324951172,,0,0,True,False,True
train,048f93f5e3efbc1e3f272b8b3631a5bab62434c2aaba7a0867dc153672a5c454,8:4|62:1|73:1,102,57,0.6,49,12,8,8,8,8,-9.713635683059692,0.04085097284056765,0.11219024658203125,,0,0,True,False,False
train,04b26e181e33f3c63580c2f3b82439dd0dddd9b54fa890b79506e0debcdfd83e,12:4|16:1|52:3,16,4,0.8,18,8,8,8,8,8,-3.6197096407413483,0.06429630356897897,0.19771337509155273,,0,0,False,True,False
train,06378adf8b6b1ce65f15fd18dadd04f7da6e629f795b8d6ab8b12b5dc416fa44,40:1|47:1,98,54,0.6,17,4,8,8,8,8,-5.753445565700531,0.01607658420285621,0.03716850280761719,,0,0,False,False,False
train,064da1b3b8c3922048867b87df27105c6885c4fcc7db12cb0062724cb2e8b8a9,34:2|68:1|81:1,43,22,0.8,14,4,8,8,8,8,-5.081566333770752,5.3258676299306574e-06,1.239776611328125e-05,,0,0,False,False,False
train,0815432caa065978cf9615abfcfc58c47fd6c5ea07206480e3aafdb71a2bf5e1,16:2|29:1|62:1,71,37,0.6,53,16,8,8,8,8,-5.82098263502121,0.05261652269386868,0.13226604461669922,,0,0,False,True,True
train,086b8f8066dc6ffb976629cb9d4998f36b9349711a1176bd097db46aa0287841,8:8|15:2|32:1|56:1,156,94,0.8,26,12,8,8,8,8,-7.425962328910828,0.06126844028691744,0.22309494018554688,,0,0,True,False,False
train,08c2efe2db7e2439297b44e71a10669473c051a248b2059f2541047791585a61,8:3|49:1|64:1,117,67,0.6,61,20,8,8,8,8,-9.224902033805847,0.008942171959760555,0.027238845825195312,,0,0,True,False,True
train,0d02b2564638e5917e18f36cbe36492b9ca9a1d859651046d540f2896b84aa6a,8:4|11:1|16:1|19:1,144,83,0.8,30,14,8,8,8,8,-5.907339334487915,0.1379932500097212,0.436368465423584,,0,0,True,True,True
train,0e3a531f5305ec706d1d6530b3a44c8cdb925fb6402e90e0914d3e5b66373161,3:1|8:3|26:2,110,62,0.6,29,12,8,8,8,8,-7.3004772663116455,0.02510774455008827,0.06354331970214844,,0,0,True,False,False
train,0ee8c678955ebedeae6ec4aacc3ddc403edcabd7615fd5f30900fde10f4689e6,8:3|43:1|81:1,135,78,0.8,14,5,8,8,8,8,-6.984703302383423,8.678829268056809e-05,0.0001926422119140625,,0,0,True,False,False
train,0f030387999d304918825957668980b74867c3df0d9e78c4d5ac7576c7432e18,8:3|13:1|37:3,131,75,0.6,49,14,8,8,8,8,-5.169493794441223,0.025504653063480928,0.07919549942016602,,0,0,True,False,True
train,0fcd19d97f02806f89422b608a53021b229adbbc9457d05a336790346a68045e,12:1|57:2,42,21,0.8,10,6,8,8,8,8,-3.8512342274188995,0.006064885626306272,0.020812273025512695,,0,0,False,False,False
train,108b780ae5cffbb5b6aedd86a4ad86984da5bde128fd0d01c9c86c632e3d5b6b,31:1|58:1,173,104,0.8,10,4,8,8,8,8,-4.942391633987427,0.00017415183885507204,0.0004944801330566406,,0,0,False,False,False
train,110842d7322e7931a29c4b5aecba9698334c458ee43c2b5ab567673f1a3aa511,14:2|27:2|62:1,139,81,0.8,14,5,8,8,8,8,-6.701747119426727,6.591354788081688e-05,0.00021076202392578125,,0,0,False,False,False
train,12819376e2de779602f30f78ace22c877acfc9f07591830b8bedb6a69b591441,8:12|25:3|29:1|34:4,195,120,0.6,37,20,8,8,8,8,-6.729507267475128,0.011099346128830363,0.031003475189208984,,0,0,True,False,True
train,130acecaf129b751febfc5e534dc0e5d96b3ba5580d955a06b1f25f68dd3f596,8:3|21:1|83:1,89,47,0.6,49,20,8,8,8,8,-7.7024712562561035,0.029881632884430773,0.09939193725585938,,0,0,True,False,True
train,13e556ef0ef18c7c7468328ea35081495a2db83b96ab6f987822ce1a7913967c,9:6|12:1|24:1,20,7,0.8,18,8,8,8,8,8,-5.910082817077637,0.002943217942065708,0.006772041320800781,,0,0,False,False,False
train,14598fb8abe07271dfcc68e6270feb2f076864bc94c08ccd370b5bec91ada719,27:1|32:6|71:2,47,25,0.8,42,9,8,8,8,8,-5.296169281005859,0.001688904794437399,0.005171775817871094,,0,0,False,False,False
train,15d66c5951a06c130f6a36e796931943a9fd1dc4be8a38c7d94975a07d3cf3ac,30:6|32:3|57:2,127,73,0.6,41,11,8,8,8,8,-3.2268023788928986,0.026076122220497662,0.07975888252258301,,0,0,False,False,False
train,16106b3f8a4ace615fa5782d6c708ddcc4a769be1bdb30cfeb701a37630f680d,14:4|20:1|57:1,198,123,0.6,17,6,8,8,8,8,-5.217884957790375,0.017909983945335096,0.056937217712402344,,0,0,False,False,False
train,16a238d58dc606f0179898f1ec80f3153cb7822908ff4f2000ae25f28ef9447e,23:4|72:1|73:1,132,76,0.6,25,6,8,8,8,8,-9.72200083732605,2.0979480266184776e-05,6.29425048828125e-05,,0,0,False,False,False
train,189d43d643b35e6762eb383c1c3964d5e9e0c7c957b61b005526f99a895cefee,19:1|20:1|53:3,151,90,0.6,25,10,8,8,8,8,-3.269874691963196,0.026258660311775824,0.07777738571166992,,0,0,False,False,False
train,197164e415c09553b6bee62eeae25c8c4394f79578152d26c235c2c1201ac972,8:3|19:1|45:1,37,16,0.6,17,5,8,8,8,8,-5.806797504425049,1.943513617986942e-05,5.245208740234375e-05,,0,0,True,False,False
train,19b4f30c914678118fee9bb080211727945fd306b557c557692d4000ae44560d,15:2|34:6|47:1|68:1,12,3,0.8,50,20,8,8,8,8,-4.70390111207962,0.016493104038507407,0.056622982025146484,,0,0,False,False,True
train,1ad9d0fb1e820945b3bbcf3957dd6a31293d1103bceaec745ec0680a019e272d,9:6|11:3|28:1,108,60,0.8,38,20,8,8,8,8,-4.7036935687065125,0.00013708341361550947,0.0004296302795410156,,0,0,False,False,True
train,1c23b261190c84d5d5d38572318d54aa3b74bdc4495696763cd1128441cec288,48:1|58:1|78:1,54,28,0.8,14,9,8,8,8,8,-5.032816112041473,0.04440345222229613,0.12579679489135742,,0,0,False,False,False
train,1f5683d5a9787d85159e866229ec43976d33d8661e701e4c052a794f8336ef08,8:1|20:3|32:1,152,91,0.6,17,5,8,8,8,8,-4.817643165588379,2.612288734853022e-05,5.6743621826171875e-05,,0,0,True,False,False
train,1f9d57a9ccd273b6e175f81e7779b719c909bfcf23baae1303e4958e355f1b88,8:1|39:1|53:1,162,96,0.6,25,6,8,8,8,8,-7.348738789558411,0.00022279176539803392,0.0006885528564453125,,0,0,True,False,False
train,2003f5afd942c1941a8baf06c98839261d6812a0e80665573e006ef7e69c216a,8:6|21:1|75:2,136,79,0.6,77,18,8,8,8,8,-9.123184204101562,0.018464930403696282,0.05869293212890625,,0,0,True,False,True
train,217d1dac6ed352dc25a54d4c8ddf5e5d3d0fbf8a45615fd7d85458fb77d0b222,16:2|52:1|68:2,205,126,0.6,13,5,8,8,8,8,-6.176437199115753,0.011445463349034055,0.03111124038696289,,0,0,False,True,False
train,21c512fd39449a2b257fd9dc67214edf5d1bfa8cc9bf2c3354cdc1007c4a23a5,27:10|42:2|59:1,65,33,0.8,54,13,8,8,8,8,-7.464955389499664,0.03342941990892185,0.10692882537841797,,0,0,False,False,True
train,242e36582074d29781ee595fa515b7993c7f80e5aa00a01dfabd7e5ebfca6f97,8:4|62:1|73:1,102,57,0.8,26,12,8,8,8,8,-9.60554838180542,0.03657503163934184,0.11348247528076172,,0,0,True,False,False
train,2436a9ec99069cf5ff96befc83d78a59fea96b4cc089af203009e49ee3f784f6,16:1|19:1|26:1|34:1,46,24,0.6,37,8,8,8,8,8,-5.113283693790436,0.0403806105335109,0.13071346282958984,,0,0,False,True,False
train,253b63736520fd19d07db8f217d1065df6d147c50f17002e9780b06f93a1b1ea,15:2|40:1,138,80,0.8,34,12,8,8,8,8,-7.407446324825287,0.000192700101972811,0.0007143020629882812,,0,0,False,False,False
train,26e5b7e108507e9eea1e2cc9378659680eb9db1b3f2b9835ca8ac59046d07546,60:1|66:3,95,52,0.6,9,4,8,8,8,8,-4.61866694688797,6.9425979633193794e-06,2.0503997802734375e-05,,0,0,False,False,False
train,277476ea3fb389fabdf139ece6b5c27b4ee85240c7928dc88bf727962d709484,6:2|41:1|92:1,129,74,0.8,10,4,8,8,8,8,-10.33155906200409,7.44461774635124e-07,1.9073486328125e-06,,0,0,False,False,False
train,27b601ffe6459675999a7da2077968262a26235f15ee9f7196abb8b6daf03fc0,44:2|69:1|72:1,189,115,0.8,14,4,8,8,8,8,-8.822678804397583,9.233911862867873e-07,2.86102294921875e-06,,0,0,False,False,False
train,286439d6746e224d762e730abca8275a9662783dca9cd1cfe42217e1601edeff,6:3|67:2,174,105,0.8,22,20,8,8,4,8,-7.306443631649017,0.483071743278009,1.2348265647888184,,0,0,False,False,True
train,294997b061fcffbf7e23b7d92e7952ae5361c1e666d2e41444a077b4b944c0d4,38:1|48:1|81:2,106,59,0.6,13,4,8,8,8,8,-2.086361050605774,0.006314754491710036,0.012629985809326172,,0,0,False,False,False
train,2a5ccdfdcedc2b7be4a897f1cbada0c8ab99806147750573fc6c46874ff49be9,14:4|20:1|57:1,198,123,0.8,18,6,8,8,8,8,-5.217638552188873,0.022131261467748235,0.06798934936523438,,0,0,False,False,False
train,2b8dfd1ddc13cb1829384ba4e658f6eb575c575146f364555d6287ce93ef47f9,12:1|39:1|47:1,179,109,0.8,14,9,8,8,8,8,-3.929706037044525,0.020148463956064063,0.06110215187072754,,0,0,False,False,False
train,2cf71733d0f7dda8a325b4d299067efe184c1324c8130fa4a9d69956cdcaafd2,13:8|26:4|60:1,109,61,0.8,18,13,8,8,8,8,-5.654947757720947,0.04129155205247242,0.12511634826660156,,0,0,False,False,True
train,2d7c2d541ec2f3fa8472506096120b8170f716a049ed97a51e71f8c348a67e66,8:6|63:2|66:1|73:1,147,86,0.6,37,10,8,8,8,8,-10.132923007011414,6.887852505756814e-05,0.0002288818359375,,0,0,True,False,False
train,2fa9b1d8bb675d5698f18aeae1a1d308dc4630bf23af5631624129d0fde920fe,7:2|8:3|40:3,30,12,0.8,42,16,8,8,8,8,-9.951123595237732,0.052488519242682816,0.16562461853027344,,0,0,True,False,True
train,30b8c1feda98bbfec6dd48e8587c8e815f8f16db0ff7931538d839662c8b4159,7:3|38:1|43:1,142,82,0.8,30,10,8,8,8,8,-7.981161952018738,0.039654243051136025,0.11780834197998047,,0,0,False,False,False
train,30ec9173087082f2080d06dcff3b3ad71a3c1f136da4edd2b6eb0420eb7f3d11,14:8|25:1|26:3,197,122,0.8,30,12,8,8,8,8,-6.712617993354797,0.07431016945138141,0.25599241256713867,,0,0,False,False,False
train,32b8dcf69fe671a2e8e3b039e42d1a196210ecfd3f0de6edb4f459b620e2ac96,34:2|42:1,78,42,0.6,37,12,8,8,8,8,-6.748343646526337,0.05655398060906404,0.16233205795288086,,0,0,False,False,False
train,33b2d7119506b1693efb82eeb2cbb94883089756ad76fad67e2b5118247f096d,75:1,118,68,0.6,17,3,8,8,8,8,-12.457302808761597,0.00044829179162587224,0.00116729736328125,,0,0,False,False,False
train,344fe86085d0ed6c94f76105f38638b61bbb10c4f0d21b7483eaf29a8bf2409b,16:4|19:2|46:3,183,112,0.6,29,18,8,8,8,8,-4.732588768005371,0.008605408712477973,0.024954795837402344,,0,0,False,True,True
train,3551674399c60f74974435a72f382f7a82fd5d61da2cc37789651337a689d66a,23:4|40:1|72:1,41,20,0.8,18,6,8,8,8,8,-9.0872243642807,0.06705197957798137,0.20279312133789062,,0,0,False,False,False
train,358e6e52f2162b8d78b227fde36daa991c6c672188526b25bbe9e45f5088ac02,3:2|46:1|80:1,9,0,0.6,17,4,8,8,8,8,-2.741193652153015,2.625312274163394e-06,5.4836273193359375e-06,,0,0,False,False,False
train,37106c4a5752996de4954e4e00b8a1b17e17f7bfd744d524728b2be76d5f0b42,29:5|49:7|69:1,48,26,0.8,18,13,8,8,8,8,-3.4754542112350464,0.013321265007401165,0.03816795349121094,,0,0,False,False,True
train,3929c6f10cbc6977f7af0cae0063b20a7aba36c7b6b41d7278a1f1bce50593b3,9:4|29:1|56:1,148,87,0.8,26,12,8,8,8,8,-5.24747771024704,0.02087852546631293,0.05500936508178711,,0,0,False,False,False
train,3a0b5188c74de08899e6bef2d25e99d4a2d66b6848ff798b228b8e2f01ff4778,51:1|60:1|78:1,64,32,0.6,21,6,8,8,8,8,-6.123146831989288,0.000350198826228942,0.0008864402770996094,,0,0,False,False,False
train,3a14f37ccab804a1d1e3300f326f71f0e21a0bb1c55fc8031a3a018274ba48b2,29:1|31:1|35:4,175,106,0.8,34,12,8,8,8,8,-3.301108479499817,0.02690321599508443,0.08513355255126953,,0,0,False,False,False
train,3b2d3fc261ce98b6baa227be24bc4bf7b9478de931312e0eda48bc2145df297b,8:3|49:1|64:1,117,67,0.8,14,20,8,8,8,8,-9.228252530097961,7.003573661099317e-05,0.00022792816162109375,,0,0,True,False,True
train,3db57458919f1c2c2527099ac2c37a9928e0127ddca13dfb725d67b30ac117c8,58:1|76:1|77:1,10,1,0.8,26,6,8,8,8,8,-9.170823574066162,0.00021810335626292875,0.0006628036499023438,,0,0,False,False,False
train,3e7c50669c65f1df084455603bf7ba7f004de440646d75e6cdb5007222c118b6,8:11|25:4|39:2|56:2,133,77,0.8,38,19,8,8,8,8,-8.384571552276611,0.02690484234915889,0.08394241333007812,,0,0,True,False,True
train,3efada2513ba02a7cc861bce65681a753a5c479a22bff1805c5517dbc91cc024,8:6|63:2|66:1|73:1,147,86,0.8,26,10,8,8,8,8,-10.133153796195984,2.1670858676417985e-05,8.106231689453125e-05,,0,0,True,False,False
train,3efcd739ef4dcf3f2eed44d25d9b5d8d518463e8bc1f609d719c4c23e9fbb07a,16:4|19:2|46:3,183,112,0.8,34,18,8,8,8,8,-4.718908190727234,0.022280166239335434,0.07431316375732422,,0,0,False,True,True
train,409091d078d88498e3b6246bd0da475aa6d56ecbb86e6ec4b0dd51322a466da6,8:11|25:4|39:2|56:2,133,77,0.6,61,19,8,8,8,8,-8.31162714958191,0.057724129210025024,0.1648702621459961,,0,0,True,False,True
train,4106d81ec71b8bc9bb878184c460a296cc28fb0cdf28013bd62f214f0b241379,16:2|27:1|55:2,111,63,0.8,30,10,8,8,8,8,-4.3578261733055115,0.035492704154027464,0.09514236450195312,,0,0,False,True,False
train,44c5cce3d18bc4656a50dfbcad0c5f9f41a12ffbe3a9e38e0d7d4368d9702553,48:2|51:2|63:1,155,93,0.8,18,5,8,8,8,8,-4.649761438369751,0.00029426889789374035,0.0008234977722167969,,0,0,False,False,False
train,44fd7deabe2f2e4606f389cc758810c1b9016116712841dc97cb888bdb079e3e,8:2|55:1|57:1,120,70,0.6,9,8,8,8,8,8,-6.7427979707717896,0.1375596013060021,0.4402332305908203,,0,0,True,False,False
train,45274ad38c62d5f676df55378eb5f1194994dc8f36fa5e8d875c241454845dfe,34:3|39:1|47:1|56:1,167,101,0.6,37,12,8,8,8,8,-5.312773883342743,0.0431524161100598,0.12505340576171875,,0,0,False,False,False
train,45b63316d19086cdcb269d1a07fef3e763bba8a201abfe4cf7a1aa88117daff2,20:1|52:4|66:2,166,100,0.6,25,7,8,8,8,8,-4.983545482158661,0.05965090102195095,0.1654343605041504,,0,0,False,False,False
train,476185d6e12d46053c024fc24d38c27f5ff7dcb55aec7b08915517efa96430a7,16:2|29:1|62:1,71,37,0.8,10,16,8,8,8,8,-5.858489274978638,0.01913137026949122,0.06411027908325195,,0,0,False,True,True
train,47959374c395a6d21e24e32a37056884d2d5798e0652c80414861c792b493e10,11:1|17:6|37:2|51:1,44,23,0.6,33,10,8,8,8,8,-3.7514406740665436,0.00013624364655886217,0.0003237724304199219,,0,0,False,False,False
train,4afa1b37c46085d23000fc07a81b9e0522703ae5d8333648ee9570f94f52b56a,1:1|16:1|37:1,206,127,0.8,30,6,8,8,8,8,-3.7506878077983856,0.003363100739988216,0.008426427841186523,,0,0,False,True,False
train,4be428583fb087bffd9417aa8ff78e69c7cb0ee6290a9327376f6029c184a1d9,49:2|50:1|82:1,116,66,0.6,17,4,8,8,8,8,-3.260382503271103,0.005683582912293155,0.013158559799194336,,0,0,False,False,False
train,4cd94d725bed2ecd6fde60c67d951aa1975520435b7d359cfe9c9bddd9ecb5b9,8:12|25:4|29:3|59:1,34,14,0.6,81,20,8,8,8,8,-7.458040118217468,0.006057686558097178,0.018016338348388672,,0,0,True,False,True
train,4df3fdc7fd0712b54029c5bc09645c52c093cb4094b22739f175bcb64363441e,13:1|26:3|58:2,193,118,0.6,13,6,8,8,8,8,-6.902287006378174,0.04523547592321094,0.1548142433166504,,0,0,False,False,False
train,4e28a44d48a3f20d14abdda42218890252b85e75716aacca1d99efd2117268b7,26:2|28:1|34:4,187,114,0.6,21,7,8,8,8,8,-5.665856659412384,0.05697356460040969,0.13251543045043945,,0,0,False,False,False
train,4e375f5ba2732051bd4c57d2551b18f0c8f65cd2fa1117b9ad99f96a073a1ffe,16:1|19:1|26:1|34:1,46,24,0.8,18,8,8,8,8,8,-5.201915800571442,0.026004134700279367,0.07074594497680664,,0,0,False,True,False
train,4f4c16a077c9fa49080eaf445a728d49df41cf5ea15397145d9df48405744f4a,6:1|45:3|59:1,163,97,0.6,13,5,8,8,8,8,-7.578192174434662,1.965245676082462e-05,4.6253204345703125e-05,,0,0,False,False,False
train,508302242d16b484d1475fdbe8716f300445b75bac8402c10c23ee36b4f1287e,6:3|24:2|68:2,101,56,0.6,33,7,8,8,8,8,-8.239975690841675,0.09940706042276191,0.2319803237915039,,0,0,False,False,False
train,508f77af99fe95608df1121cbb361953931cea8251140669cf039ce769ff9b91,40:1|51:5|57:3,87,45,0.8,62,18,8,8,8,8,-5.957576155662537,0.025835739736836012,0.07942056655883789,,0,0,False,False,True
train,50b3021d80b42cea9a518a698535c68217bebc616ffc1215b98666be8279efda,6:2|41:1|92:1,129,74,0.6,9,4,8,8,8,8,-10.331811785697937,5.717076686993503e-07,1.9073486328125e-06,,0,0,False,False,False
train,52a45f4450f3d8918019ea7f2a46332cea5fccc66dabfa18e5670237f262a5da,28:1|32:3|71:1,52,27,0.6,29,10,8,8,8,8,-5.2979408502578735,0.009825245186663376,0.024811744689941406,,0,0,False,False,False
train,5358e4495ae1687a97393569b4d09e03c90b74dc2f8db3fbc91d017b4b265aa0,48:1|58:1|78:1,54,28,0.6,21,9,8,8,8,8,-5.064292252063751,0.00023738062196614035,0.0008263587951660156,,0,0,False,False,False
train,536815d25bd0b14204821176dd0f8af08475c581c8fa63dbbee998003e6d0684,16:3|29:3|71:1,79,43,0.8,38,14,8,8,8,8,-5.08202588558197,0.061684035385971704,0.17110013961791992,,0,0,False,True,True
train,5392e33eba4b2b5ce9ade506802856a7860937be7dfb40aa1a7b0cc2b7cc7ce7,17:5|39:1|56:1,17,5,0.6,37,14,8,8,8,8,-5.300832569599152,0.017212519811021114,0.05813884735107422,,0,0,False,False,True
train,5447678db2b19967e614a19599addeca533bbcd9fdad757029e468618d612c8b,20:1|49:1|79:1,202,124,0.6,33,12,8,8,8,8,-3.3129285275936127,0.02211966476512319,0.0638892650604248,,0,0,False,False,False
train,559c73040720f4ee6c40f15ff2af46349c07e54b23cf4f66fad33fa1c7f3262d,24:1|40:1|42:1,191,116,0.8,18,6,8,8,8,8,-9.725780129432678,0.04560617139799814,0.13850116729736328,,0,0,False,False,False
train,55fe1a0d8c94db28d4a8f6302fabab52a41432865674e8e53d7573f619b16764,13:1|26:3|58:2,193,118,0.8,14,6,8,8,8,8,-6.9467233419418335,0.030323318183184376,0.10218667984008789,,0,0,False,False,False
train,560a183d8f0a14e82ad2503c515b81ea86b5baf2911b8d031f5581f7215f221e,15:2|40:1,138,80,0.6,17,12,8,8,8,8,-7.402026414871216,0.01640796624654533,0.050108909606933594,,0,0,False,False,False
train,561fce13b893b3fa15e53e3d26248a41cf38aee905cb24370d56ae40fa2a3888,32:2|69:1|78:1,196,121,0.8,26,16,8,8,8,8,-5.71559739112854,0.017626082828297095,0.04546070098876953,,0,0,False,False,True
train,56eba1de3372ac71ba5eb68a945ec5410f69607ee22c4e1b0d4b64ee98f5b5c5,6:3|24:2|68:2,101,56,0.8,30,7,8,8,8,8,-8.21431028842926,0.08940232391626582,0.23059463500976562,,0,0,False,False,False
train,575a0a3cff8ce06f663970146c5cd598aba68cb2f25b2b1cfffe1e861389bc0d,12:1|15:2|32:1,40,19,0.8,18,4,8,8,8,8,-4.539979815483093,0.026054505849479725,0.07932806015014648,,0,0,False,False,False
train,57bd18083368eff813122f9e6a6449a63da8eea0fabbe9d707bf22f29bd70371,3:2|8:1|9:4|23:1,32,13,0.8,22,16,8,8,8,8,-6.152248442173004,0.022009224165163516,0.07368898391723633,,0,0,True,False,True
train,5984e432f8911b28cba8fc20dc08af84ecd6ca597b398d3431ec7bbcc9aaf555,13:1|29:1|65:1,177,107,0.6,25,9,8,8,8,8,-4.5064709186553955,0.021286711424379552,0.07530069351196289,,0,0,False,False,False
train,59872d88252c17c11691a0e0635659d7875f1aba81b638daab96a92900a18fd0,9:6|24:1|81:3,149,88,0.6,33,10,8,8,8,8,-5.244812965393066,0.00035717203972302744,0.0011744499206542969,,0,0,False,False,False
train,59a36bd36c0a217ed353cd7b61ce31967437444dbfcedd026ab91fbcb3603a10,34:2|68:1|81:1,43,22,0.6,9,4,8,8,8,8,-5.081309914588928,3.144121000460378e-05,6.723403930664062e-05,,0,0,False,False,False
train,59d388bda91fe2d52cd816164e50765b0bb1d46898eac8f7d086a2feb63e000e,17:5|39:1|56:1,17,5,0.8,38,14,8,8,8,8,-5.3077152371406555,0.009099038707022474,0.027048587799072266,,0,0,False,False,True
train,59dbdb5ae726db245851b1fe226eeb086f2ec95c0c30c7531948b96a342e1acb,34:2|56:1,171,103,0.6,13,6,8,8,8,8,-4.624208867549896,0.040748717230335595,0.11069393157958984,,0,0,False,False,False
train,5b60d6d807218262a1024bad95ce49910616ddde885b087b2f18b73c9bed4c27,3:2|8:1|9:4|23:1,32,13,0.6,53,16,8,8,8,8,-6.152853190898895,0.02091810734300748,0.06425333023071289,,0,0,True,False,True
train,5baf13c71662a1adb49a5f03050c2c26f6c4fb203a1d57a7069031cf8ba7794e,48:2|51:2|63:1,155,93,0.6,25,5,8,8,8,8,-4.649697840213776,2.7202125878447248e-05,0.00010776519775390625,,0,0,False,False,False
train,5ca131f78283974541cf66aab0a9d1d04360165106c010a8d135115f7097e5a2,8:3|13:1|37:3,131,75,0.8,14,14,8,8,8,8,-5.16192364692688,0.04286744976814027,0.14330673217773438,,0,0,True,False,True
train,5eebd895dd6614a70401e80a974838893e748b5baaade585bbeb0bfc4796247a,8:12|25:3|29:1|34:4,195,120,0.8,30,20,8,8,8,8,-6.718150615692139,0.018602579693401948,0.04742908477783203,,0,0,True,False,True
train,5f47d49c6b41b4bebe01f9b045e2cca742a6c4cf58ff3860dee0e651ddc7b08f,29:1|31:1|35:4,175,106,0.6,37,12,8,8,8,8,-3.293035864830017,0.02493940047478643,0.08223176002502441,,0,0,False,False,False
train,6258d4a221fc4f0120903b0829927b55a857f16ef03600554bc565f2974072d9,34:3|39:1|47:1|56:1,167,101,0.8,30,12,8,8,8,8,-5.362893283367157,0.035461735911864085,0.08841085433959961,,0,0,False,False,False
train,6271e1361e5b0eda088e9f24cccd6214666d9391f708f30b3b5d5f212ac194d0,8:8|15:2|32:1|56:1,156,94,0.6,29,12,8,8,8,8,-7.4581499099731445,0.07342586495225503,0.18093585968017578,,0,0,True,False,False
train,6518fcb3e135d5b47e58902266f321df7392446dd676ea25f3f987a19ac2fa48,9:6|37:2|47:1|49:1,90,48,0.8,14,10,8,8,8,8,-4.527758717536926,0.0003215440058200863,0.0007567405700683594,,0,0,False,False,False
train,65ab36fd2dee957c660ca0f623be283015184840562236bf444d083698c7f43f,50:1|68:1|79:1,70,36,0.8,30,6,8,8,8,8,-4.722728729248047,0.015573390228395446,0.03224611282348633,,0,0,False,False,False
train,68085d0bad01b16a29cc629b5d636a5e179f512808d2f7da3f6fa44234fc62e9,23:1|28:1|41:1,77,41,0.6,41,12,8,8,8,8,-8.361541152000427,0.01616169080604545,0.060324668884277344,,0,0,False,False,False
train,6a99c07a14a06d4e53fe1788a21371d66954c04a60a3a4ccc21023d1aa127354,8:6|38:1|51:1|56:1|65:1,165,99,0.8,14,10,8,8,8,8,-7.263917922973633,2.2013408318304285e-05,7.581710815429688e-05,,0,0,True,False,False
train,6aaac8f1a69ba55ec92efc56e35afd808ba65cd661d121a9cc4ed3bb67249d9f,12:1|15:2|32:1,40,19,0.6,13,4,8,8,8,8,-4.517012059688568,0.03363021587643122,0.09821462631225586,,0,0,False,False,False
train,6ba809dadef762f1e5b6174f2358750c8e2fc32adede2411d2608367b22e20b9,23:4|40:1|72:1,41,20,0.6,21,6,8,8,8,8,-9.06168258190155,0.08813964369629858,0.2040853500366211,,0,0,False,False,False
train,6d111e75c99b392153bc820bccd3a63c1fa44628e18975177a018596eb13de73,29:1|34:4|41:1|55:2,35,15,0.6,53,16,8,8,8,8,-4.867889165878296,0.08413047116476169,0.2415904998779297,,0,0,False,False,True
train,6d2cda3763ed217c1d85b74d01c632b1cf123f32d4079f298af91d7ebc477284,3:2|12:1|17:4,92,49,0.8,30,14,8,8,8,8,-3.9691433906555176,0.019566732237404027,0.06446504592895508,,0,0,False,False,True
train,6dcbdbc4c88c2aeb65852d6e8df6a7668adf34668130fe04e457f5c5756ebefd,59:1|78:2,60,31,0.6,21,6,8,8,8,8,-6.61136931180954,0.01566786113605743,0.0509953498840332,,0,0,False,False,False
train,6dfea1da389544504ecd7837c5bb976d47e3d5514063e3b9ec033d0f02e55140,8:9|62:2|90:3,94,51,0.6,41,14,8,8,8,8,-9.555482864379883,0.048810180392558036,0.1503915786743164,,0,0,True,False,True
train,6e32d79fa23d7e57a0296e69e022660efe0d24e86cc3cb2ff2321a12985794f1,34:2|56:1,171,103,0.8,30,6,8,8,8,8,-4.6417030692100525,0.03314303570104444,0.09238958358764648,,0,0,False,False,False
train,6e9dfa6c340b2907966d72f1b13b02d1108d61077cc954d0441cdb086a2a77ca,9:6|40:1|55:2,182,111,0.6,37,9,8,8,8,8,-6.093883037567139,0.02568280201175593,0.052075862884521484,,0,0,False,False,False
train,6fc2a659cf4c3b7270e1dfd69fca36bd5376430de5bcfe0d5573fe9c29e126ea,9:6|40:1|55:2,182,111,0.8,30,9,8,8,8,8,-6.119340717792511,0.0003315030033989273,0.0009732246398925781,,0,0,False,False,False
train,6ff40503d764c836be072627879d813d1a96d738c9d7820de7ae4d4ea73abb6d,3:2|12:1|17:4,92,49,0.6,41,14,8,8,8,8,-3.9680773317813873,0.01559116084467974,0.038168907165527344,,0,0,False,False,True
train,72cd7e45254ba76b44aad870ce86c3c5afc4de6e46052c485d73f0e438ae46a2,58:1|76:1|77:1,10,1,0.6,21,6,8,8,8,8,-9.170899868011475,0.00043451509684140415,0.0013427734375,,0,0,False,False,False
train,75c53b87906583f04f5ffdf6ac401abe5101463e9a1f00f467cd4f75dc6cfe59,41:1|44:3,23,8,0.6,25,8,8,8,8,8,-9.62463665008545,0.029841228312700415,0.06771087646484375,,0,0,False,False,False
train,766d0d98bb7b9402b70f2437d7c3872cd0d2fa97dbe2ccc98eec783b25e71fd8,3:3|33:1,19,6,0.6,21,8,8,8,8,8,-3.2661471366882324,0.0026342294869983853,0.00635838508605957,,0,0,False,False,False
train,778bd774e96797dfaa5cc806b560ec7dbc9cda8c89f1dbfc66aa0e83bea88e3a,8:2|55:1|57:1,120,70,0.8,22,8,8,8,8,8,-6.707286477088928,0.09575166557572834,0.26096677780151367,,0,0,True,False,False
train,77a95a1f7389785ca9aa950e3da47a0385ea7496c802fd9955e4adc2dedf1291,59:3|80:1,24,9,0.6,17,4,8,8,8,8,-3.847197711467743,5.566895132852493e-06,1.4066696166992188e-05,,0,0,False,False,False
train,77b0d97841891b61256eef2cde3dc6db52f70538482d98b06e03ceb845f37057,47:3|70:1,74,39,0.8,14,4,8,8,8,8,-2.7964442372322083,1.0098194923975809e-05,2.7179718017578125e-05,,0,0,False,False,False
train,78362460034b06a0286f4215d387e54e0dd86fe85e9c2754c731432b1673cc63,34:1|35:6|82:4,178,108,0.8,18,11,8,8,8,8,-3.70110222697258,0.00901847486961845,0.027970075607299805,,0,0,False,False,False
train,78c7343f46574fbd800670bc11817e7b64d433899018da717fc16235d8514873,1:2|6:1|8:5|13:1|19:1,69,35,0.6,81,20,8,8,8,8,-6.653407514095306,0.04730701650648767,0.15470647811889648,,0,0,True,False,True
train,78f92b061a8a97705354e384a16a3df7f7e2eb1ea027f7331e577707fafa4bcd,59:3|80:1,24,9,0.8,14,4,8,8,8,8,-3.838637351989746,0.0032888047302209347,0.009952545166015625,,0,0,False,False,False
train,79c93839c569d555650268b95fa284cfe02c12840efa11a018399e81d8972b5d,40:1|51:5|59:3,96,53,0.8,22,18,8,8,8,8,-5.843294858932495,0.032341182402776426,0.10926294326782227,,0,0,False,False,True
train,79e769c9fc0046b0bc837497a33799b187aed9cb7db7cb50d0ed20bfedc5b41c,8:7|29:2|38:2|59:1|81:1,93,50,0.6,57,13,8,8,8,8,-6.244202136993408,0.04705497453048879,0.15151405334472656,,0,0,True,False,True
train,7b6848c8ff2a7093e946e1e76f0fe1b7662293ba3098741cb581bc82fdbbc6f7,8:1|11:3|17:1,180,110,0.6,13,5,8,8,8,8,-3.792709857225418,0.039008907257738513,0.09194111824035645,,0,0,True,False,False
train,7b85bae5864623f0d49f4e7f14a1fc58d488362c09df41ddcbb1137ac060287a,48:1|80:3,126,72,0.6,33,8,8,8,8,8,-0.4329313710331917,0.0009262503288499082,0.002273082733154297,,0,0,False,False,False
train,7bf460951cde4ee4c217cf2035a495f61f02841ba3fad365cd8f2074e997da7f,30:2|59:1|62:1,99,55,0.8,14,4,8,8,8,8,-3.3242426216602325,2.4239018640028166e-06,7.3909759521484375e-06,,0,0,False,False,False
train,7c18976b8c39ea738837b4088159225eff47f184461425f1afbd5309491ee03a,8:6|27:1|56:2|92:1,157,95,0.6,45,10,8,8,8,8,-8.24047040939331,4.4716038530350416e-05,0.000133514404296875,,0,0,True,False,False
train,7e2ce6f8988bf3df8941feeaacae0921c6ab3d7536d8e143b3610d410eb511cc,3:1|21:2|43:1,88,46,0.8,10,4,8,8,8,8,-6.369612634181976,1.717348322401788e-05,4.00543212890625e-05,,0,0,False,False,False
train,7f22bfc19381d7affef9ccc3473abf3b28d8bd368220cf016eab7a169a1e5f9a,1:5|6:1|7:2|50:1|53:3,66,34,0.8,30,12,8,8,8,8,-4.620033264160156,0.08032686218253693,0.20625782012939453,,0,0,False,False,False
train,80189db40ff9005fa1527448a6d41cd4e2cce6dae184b93703316809e84acc63,8:1|20:3|32:1,152,91,0.8,10,5,8,8,8,8,-4.818069577217102,3.5822341922084617e-06,1.1444091796875e-05,,0,0,True,False,False
train,8158c8b76c0696ba8caf2321f1da9120d90895781940a485ebd44cff33557392,49:2|50:1|82:1,116,66,0.8,18,4,8,8,8,8,-3.275757521390915,0.002316189843862093,0.007232666015625,,0,0,False,False,False
train,822d3d64d9ed5875d9712c33dcb96dcabf57de614614f38a86129f6e052fb3b9,29:1|34:4|41:1|55:2,35,15,0.8,42,16,8,8,8,8,-4.952782869338989,0.0008014903228246404,0.002597808837890625,,0,0,False,False,True
train,84eebf234aa777fb94c295f41e9b5f5922ee313890a90ba83ee41cb91b216bf4,17:6|19:3|69:1,39,18,0.8,14,10,8,8,8,8,-4.3171281814575195,3.300095547032268e-05,0.00011301040649414062,,0,0,False,False,False
train,84f74f4158032a1326e2e9c84f31712b72e08459aafaf93ee59c65ba0eacb26f,50:1|68:1|79:1,70,36,0.6,13,6,8,8,8,8,-4.735075891017914,2.667672449372687e-05,8.440017700195312e-05,,0,0,False,False,False
train,86701bce8329f518bd840a4829f6a6608207d77e93026d71275b1e852aa35944,34:2|42:1,78,42,0.8,22,12,8,8,8,8,-6.742286264896393,0.06652889781946396,0.17015695571899414,,0,0,False,False,False
train,87d1aa463fc007132364c3b1797fba035a17b06da48cf03830384cea5fe60f32,9:6|12:1|24:1,20,7,0.6,21,8,8,8,8,8,-5.911135911941528,0.0029985588209610224,0.006302356719970703,,0,0,False,False,False
train,883d2d0b2f56de6396604a44e2ba7b9b294f0c058f657b17083f161ecfbb8290,27:1|32:6|71:2,47,25,0.6,37,9,8,8,8,8,-5.295137345790863,0.00226560077644005,0.005564212799072266,,0,0,False,False,False
train,8a4642910453654d457001d52089eb811461b3d155569d88d1984cf149646c23,11:1|17:6|37:2|51:1,44,23,0.8,18,10,8,8,8,8,-3.7512800097465515,0.0001051389947424609,0.0002956390380859375,,0,0,False,False,False
train,8bbf07c3a3efd007962148141255865ec23a774b376ccaca733b22cd693273fc,8:6|21:1|75:2,136,79,0.8,22,18,8,8,8,8,-9.118736147880554,0.03772547345627807,0.10543632507324219,,0,0,True,False,True
train,8e03dc12b0f6429e250f909838c25b51f229c41a32d524d1d471725b8c09c318,8:3|21:1|83:1,89,47,0.8,30,20,8,8,8,8,-7.682676732540131,0.018688441718131044,0.061579227447509766,,0,0,True,False,True
train,8fc16bb85ba49ac7631d6a9492cea8886bb2c8ffeedb62eb9c212fd8a4d74c39,41:1|44:3,23,8,0.8,26,8,8,8,8,8,-9.646050691604614,0.021328273811350964,0.06521224975585938,,0,0,False,False,False
train,9176f613bd1bb0292a2b8b2e178884f8475ce1270eadad5746d7bd8330580f93,33:2|48:1|50:1,186,113,0.8,14,4,8,8,8,8,-3.6332733631134033,0.013572019321790535,0.03141522407531738,,0,0,False,False,False
train,95313f77431408f175091ded480e7929aab7e0a39c1ab1de697daa80aaad2813,19:1|20:1|53:3,151,90,0.8,10,10,8,8,8,8,-3.2700751423835754,0.029425209165395295,0.08749151229858398,,0,0,False,False,False
train,95417badd5c6b30951b3ee68d10973aeae1e5866d7742fe6d85c9e8c0fae10c8,3:2|8:8|25:3|28:1,146,85,0.6,53,14,8,8,8,8,-7.257038235664368,0.06801049845633785,0.2187976837158203,,0,0,True,False,True
train,96adb4f128fb62590a85f97e241d890adcffa299bb35af778b2081c45984dae1,12:1|39:1|47:1,179,109,0.6,21,9,8,8,8,8,-3.9244671761989594,0.03354730044904259,0.10167813301086426,,0,0,False,False,False
train,982fca925952917e27bcd3858f26c5ee7e770cc2af6562879e01206ffe4dbbfa,17:3|83:1,119,69,0.8,22,16,8,8,8,8,-3.76339590549469,0.0115412077645478,0.033551692962646484,,0,0,False,False,True
train,98fa6b00f5b146867b6441f3c4efbb015f5ba2ed6b9cc485a98ea8f6f62775d7,33:2|45:2|59:1,194,119,0.6,37,10,8,8,8,8,-6.694196105003357,0.004315177531894941,0.010241985321044922,,0,0,False,False,False
train,9a19dec69edec973ad474c32721716257ee1ba99036b0bcf974ccd329d964900,13:1|29:1|65:1,177,107,0.8,38,9,8,8,8,8,-4.585851430892944,0.03247314041849396,0.09823989868164062,,0,0,False,False,False
train,9abf65433a5c0e554edf1070ea4f04876e56de547c2012707722d984eee1204e,16:2|52:1|68:2,205,126,0.8,26,5,8,8,8,8,-6.101178348064423,0.06221368002153649,0.17645835876464844,,0,0,False,True,False
train,9ad612518475fc554f61ac93f5de622bd30b102ff513c6a31aaa146b6a42b6d6,9:6|24:1|81:3,149,88,0.8,18,10,8,8,8,8,-5.244016349315643,0.0004657489665455599,0.0013365745544433594,,0,0,False,False,False
train,9afaf1da0d48d993d5355a6ced1df5bbecd168b549a7c224e6ff862d200f188c,48:1|57:2|79:2,145,84,0.8,42,10,8,8,8,8,-4.181336939334869,0.05570793998999581,0.11694049835205078,,0,0,False,False,False
train,9bd31edfe026542105ea4041a4b5e31f857e4a56224d9bdabe1f3dccd32b568b,16:1|17:4|74:1,25,10,0.6,45,12,8,8,8,8,-5.277885675430298,0.022359034285785725,0.06441402435302734,,0,0,False,True,False
train,9c107956cb9edbadae5d59de47283727c52017c3b4f0c82426ab66dc76fda3f1,46:1|47:1|63:2,150,89,0.6,17,4,8,8,8,8,-7.631964206695557,1.5555784586142216e-05,3.62396240234375e-05,,0,0,False,False,False
train,9f58ea6ba4a6e3bc4ef3870319b0a4c4785e19c5d95b6efa1e5c7680d425b4b1,20:1|52:4|66:2,166,100,0.8,14,7,8,8,8,8,-5.059367537498474,0.055210035203249366,0.17003726959228516,,0,0,False,False,False
train,a273599d6f05061d26621091c4ad2b8a62cbf4e3c1d90efb8b39e5539cf73ea9,6:3|67:2,174,105,0.6,45,20,8,8,4,8,-7.46927672624588,0.1885201667140253,0.5507059097290039,,0,0,False,False,True
train,a537d7eb9b5f851b469759bc3eacf845dd22df9b1c2823f15d41eba6f78a7f8b,8:3|27:1|30:1,164,98,0.6,69,20,8,8,8,8,-5.793028116226196,0.017910625977109556,0.04478025436401367,,0,0,True,False,True
train,a643c99780fce71d2ccc2216a16209075bd177b2479404c3586542a394111401,8:3|25:1|68:1,11,2,0.6,61,20,8,8,8,8,-8.753692150115967,0.0002022846413533806,0.0006237030029296875,,0,0,True,False,True
train,a65b08b5c8c1d03bf2b0ab517dbf8037c30ac30dafd1940f383de6b1c7196402,8:12|25:4|29:3|59:1,34,14,0.8,46,20,8,8,8,8,-7.464144289493561,0.007113944431962695,0.018373489379882812,,0,0,True,False,True
train,a6f5959f6eda4ceac06fb7590ab8a7acfdb34bf6c9631b1f6f70d2856961df60,24:1|40:1|42:1,191,116,0.6,13,6,8,8,8,8,-9.684287428855896,0.07825363965436871,0.2021961212158203,,0,0,False,False,False
train,aad5f0cf155ffca8a777491b26a87ea8e3d60c768727b0d6dc7653facef33051,3:1|8:3|26:2,110,62,0.8,26,12,8,8,8,8,-7.2863809466362,0.04275895373718452,0.13245487213134766,,0,0,True,False,False
train,b0e30441d6748989eee7c131d2da16f85354ffebde02033dc61b0770a809e746,7:2|8:3|40:3,30,12,0.6,25,16,8,8,8,8,-9.885921955108643,0.04246490676165015,0.1340007781982422,,0,0,True,False,True
train,b170bfbae49d00cb7586ca04da6af108fd76ce174db97e2d4f5e70e95358a237,23:4|72:1|73:1,132,76,0.8,18,6,8,8,8,8,-9.721499800682068,2.326231150810635e-05,8.106231689453125e-05,,0,0,False,False,False
train,b1c3be38ad0a5692f3cd0d4866ffd9bfa0ad46a8b35ecfd755bb12488fe01e8f,8:1|39:1|53:1,162,96,0.8,18,6,8,8,8,8,-7.3481035232543945,0.0001904360098813249,0.0005006790161132812,,0,0,True,False,False
train,b21551bad5966ea6a523fd05a82eea72b4c7cb347fa780a10cf4bba511c557c7,45:2|49:1|57:2,103,58,0.6,13,10,8,8,8,8,-6.18517678976059,0.04117357384490876,0.12458419799804688,,0,0,False,False,False
train,b27c79ec5916d2e52389da37bce099c00f412d51489b3b5c1f91f8c52b59562b,23:2|26:5|27:5|62:1,38,17,0.6,33,13,8,8,8,8,-7.801509261131287,0.013191900819158475,0.03832721710205078,,0,0,False,False,True
train,b3bef0063238db9cd54d1d0fca58efc21fadb5a955c180ca44b1012e56053785,1:2|6:1|8:5|13:1|19:1,69,35,0.8,42,20,8,8,8,8,-6.625143647193909,0.04497360543855746,0.14670610427856445,,0,0,True,False,True
train,b42de55d8926c2bd30780f2004f5cafc5c1df36c05001592cd2a23c10fe010d3,40:1|51:5|57:3,87,45,0.6,69,18,8,8,8,8,-5.966597080230713,0.03088631522872598,0.09891271591186523,,0,0,False,False,True
train,b439d412b281b86b688bfefaa646008a05b6a78e6668c013a4361c55483c9fa8,8:6|38:1|51:1|56:1|65:1,165,99,0.6,41,10,8,8,8,8,-7.263814926147461,2.322226334215693e-05,6.866455078125e-05,,0,0,True,False,False
train,b4517da05b2491b20f45a3e4928d31b41c81f6431d47f0fd08976dd9a2f2e56d,34:1|35:6|82:4,178,108,0.6,29,11,8,8,8,8,-3.6900176405906677,0.017715708369551417,0.05352616310119629,,0,0,False,False,False
train,b65205892b12c095b5e770b762ee61ed070c4c20b37c74b16f8ce771eb76ae4f,23:2|26:5|27:5|62:1,38,17,0.8,26,13,8,8,8,8,-7.799236357212067,0.014924192426451172,0.04078531265258789,,0,0,False,False,True
train,b70f35b52c222e1a283b0ef8d400251e08a22f51cd711ef88ea57568811adaeb,14:2|27:2|62:1,139,81,0.6,17,5,8,8,8,8,-6.701206624507904,9.047331286922815e-05,0.0002503395080566406,,0,0,False,False,False
train,bab649f422b2d55b7fd95d8240fc91d4c614fa47970ac1b415173c1685771342,3:2|15:2|58:1,57,29,0.6,21,5,8,8,8,8,-4.948680400848389,0.08382215953780818,0.21491575241088867,,0,0,False,False,False
train,bb211d77cda53cbf8dea258442ab4066e073c2e6c62474cb49b2cfa9ab6b39d4,46:1|47:1|63:2,150,89,0.8,18,4,8,8,8,8,-7.632319450378418,9.5367431640625e-06,1.9073486328125e-05,,0,0,False,False,False
train,bc5423142afb489e17ec7555a3155eda70bc973c0e588160792007f4bb7dbef7,1:2|8:2|30:1,73,38,0.6,25,20,8,8,8,8,-4.976895868778229,0.010707889184650923,0.03571176528930664,,0,0,True,False,True
train,bc755d9ef1412d38182096296955aacf528a98eef6306ebf490db12124e87513,8:3|19:1|45:1,37,16,0.8,14,5,8,8,8,8,-5.806680738925934,8.063166891615798e-07,2.384185791015625e-06,,0,0,True,False,False
train,bcc21217af55139131bc57797f76f3eff557aa04ea7751ebae8247de2c3c4ccf,12:4|16:1|52:3,16,4,0.6,9,8,8,8,8,8,-3.6525632441043854,0.015320779456894033,0.04726719856262207,,0,0,False,True,False
train,be052f6a5c5814038284338ff587aa3eb0407cdec067f8ae94bce3f078a7021f,8:3|25:1|68:1,11,2,0.8,42,20,8,8,8,8,-8.751781105995178,0.00046646908788992885,0.0016126632690429688,,0,0,True,False,True
train,bf48b2643a6410540d1fced28e3843e678a4f8adf1623f72da2b69bc160f9b8c,32:2|69:1|78:1,196,121,0.6,69,16,8,8,8,8,-5.725415408611298,0.013910223704958999,0.04181528091430664,,0,0,False,False,True
train,bf9d0efe8bc04303f9576e7b859155841879798d95a37ce2c564999dbd66765f,6:1|45:3|59:1,163,97,0.8,18,5,8,8,8,8,-7.5783010721206665,5.1674167637093645e-06,1.3828277587890625e-05,,0,0,False,False,False
train,c1ddcb0538c0d3ac5063d5e2d02a8759433f12db2c74bdd1262887cc84b0027a,44:2|69:1|72:1,189,115,0.6,9,4,8,8,8,8,-8.822776079177856,4.1295309247228556e-07,9.5367431640625e-07,,0,0,False,False,False
train,c36badca61556d53574f74b9f2a2e54ea3e53a6a48629b38a8b11d7273f878e1,16:1|17:4|74:1,25,10,0.8,34,12,8,8,8,8,-5.285459935665131,0.019422377402940966,0.05316495895385742,,0,0,False,True,False
train,c370e16a345245f59f664a7a9b10682ec26368f1d96d96230b92b7e3d28e2b80,3:2|12:1|30:1,113,64,0.6,21,4,8,8,8,8,-1.7979965060949326,0.008161673669854768,0.016933679580688477,,0,0,False,False,False
train,c3bb0ac744747da3550e744fb5d77e6d259e1fbb79168cab1054ebf36033308d,3:1|21:2|43:1,88,46,0.6,21,4,8,8,8,8,-6.369545161724091,1.1530533552344885e-05,2.7179718017578125e-05,,0,0,False,False,False
train,c405cfe3ba739c6bc7ab19192c886d7189aa03b5dde09cf3c5ed796bbd893e12,9:4|29:1|56:1,148,87,0.6,49,12,8,8,8,8,-5.259652137756348,0.021357142719360473,0.0664663314819336,,0,0,False,False,False
train,c638a3bc241d5300d8ab29cc5d0a9c3a82633f00da20750f98ca5a7c25ab6486,13:8|26:4|60:1,109,61,0.6,25,13,8,8,8,8,-5.656740665435791,0.025525604506506573,0.0686349868774414,,0,0,False,False,True
train,c6fea5722d71499f4708c081ad0acfe2c8354b38ca1f50dcc13cbcaf1dc9e141,16:2|27:1|55:2,111,63,0.6,41,10,8,8,8,8,-4.389292240142822,0.020540808653978237,0.07424211502075195,,0,0,False,True,False
train,c70867eedabe2a567b1dc3038a25fc0e0dc4e2f89267be4471b51d02e80d5268,17:3|83:1,119,69,0.6,69,16,8,8,8,8,-3.7562264502048492,0.013306164523057364,0.038336992263793945,,0,0,False,False,True
train,c738cac28c326fd6838f740c017f165069bfb21f4746bee03efda0f670fb9289,8:9|62:2|90:3,94,51,0.8,38,14,8,8,8,8,-9.489882111549377,0.11084528711671864,0.26905155181884766,,0,0,True,False,True
train,c769ba4b13a700cad68d7bd49cafe0de6cabb3f7a1f6c641dbd56a9caac3c58c,21:2|43:1|81:1,154,92,0.8,18,4,8,8,8,8,-6.510618567466736,9.300616788763775e-06,1.9073486328125e-05,,0,0,False,False,False
train,c7f39119e093c152a18fbc2a24dd7c46c9ec5950cfdb54a8761282e3b70c6ab1,59:1|78:2,60,31,0.8,14,6,8,8,8,8,-6.58592164516449,0.01915199820028021,0.04961681365966797,,0,0,False,False,False
train,c8b0c16234938103edac5588570520d2b09fbd2ad68ea134941e9b13131b18cd,8:1|11:3|17:1,180,110,0.8,10,5,8,8,8,8,-3.8303149044513702,3.730769895761552e-06,1.3589859008789062e-05,,0,0,True,False,False
train,c90cf51e67ed11831067e359eee062f8e6cf7491705541ac3d5b9e3120ea9ded,8:4|13:1|74:1,115,65,0.8,38,12,8,8,8,8,-8.593491077423096,0.10713859837153711,0.3081064224243164,,0,0,True,False,False
train,c96e5987e6d1ce18ae2c69b9bb5ab8c212d556aecee871facf4612594216d038,8:6|27:1|56:2|92:1,157,95,0.8,10,10,8,8,8,8,-8.240494728088379,3.587070712061933e-05,0.0001087188720703125,,0,0,True,False,False
train,c985c4955443153f41320de7f252606727ed5e5894f77341f8e1ca79053e230d,23:1|28:1|41:1,77,41,0.8,42,12,8,8,8,8,-8.402347922325134,0.0480231972372288,0.12107086181640625,,0,0,False,False,False
train,ca619fa0cfda30404a97fc1ee80e7eccb7e46319607666530cb4a65ee1b679ec,29:5|49:7|69:1,48,26,0.6,41,13,8,8,8,8,-3.4858450293540955,0.006430843519791824,0.020162343978881836,,0,0,False,False,True
train,ca944d330fb73472cddfc26bbfdba0ee3c3e79cab729fa060238e91ee1654ad3,40:1|47:1,98,54,0.8,10,4,8,8,8,8,-5.779622733592987,7.460899360042774e-05,0.0002498626708984375,,0,0,False,False,False
train,cae6d0ea09ae65e85b7832fba25ebd02bf1085f497af83f17836d7576fe509fe,15:2|34:6|47:1|68:1,12,3,0.6,45,20,8,8,8,8,-4.687459886074066,0.009057276420820713,0.02937936782836914,,0,0,False,False,True
train,caecba69e7fe96bf76fedaa9968a9e36e8792ec23beda64d00df0a4a4fcc2629,3:3|33:1,19,6,0.8,18,8,8,8,8,8,-3.2616721093654633,3.5109905913247086e-05,0.00011348724365234375,,0,0,False,False,False
train,cbdea1699386af1f0b6dd016436c4349156132f50faec760b729c03fa8511a7b,1:2|8:2|30:1,73,38,0.8,66,20,8,8,8,8,-4.986187279224396,0.012086780703429327,0.032851219177246094,,0,0,True,False,True
train,cd319ac736ed96433d0a9abc47257bbc60626a16f7e64c8301b8e25225673902,1:1|16:1|37:1,206,127,0.6,29,6,8,8,8,8,-3.7502132654190063,0.003241498493200723,0.007452964782714844,,0,0,False,True,False
train,cd72ba63fb6a92fbb05162f424ab465db7c3a2cf3c7602856aa79ebe469564c0,8:3|27:1|30:1,164,98,0.8,30,20,8,8,8,8,-5.777178525924683,0.025075201165419305,0.08274698257446289,,0,0,True,False,True
train,d37f723309684696bd9d09b061ae22b052d5296c9c0edfa427dd72998dc2417a,33:2|48:1|50:1,186,113,0.6,9,4,8,8,8,8,-3.6700897216796875,0.01086683984538426,0.03309273719787598,,0,0,False,False,False
train,d54d17bed021b28a621112007701c95cfa7b13080d986b11b468cd6dccdca81f,30:6|32:3|57:2,127,73,0.8,26,11,8,8,8,8,-3.233654707670212,0.036769983171042145,0.0988926887512207,,0,0,False,False,False
train,d5e93f3cb208d92782aa13809e99cf478e6a8a1bd6298062ec2217a28ea953d3,47:2|48:1|66:1,192,117,0.8,14,4,8,8,8,8,-3.110267251729965,1.1542389828584841e-07,2.384185791015625e-07,,0,0,False,False,False
train,d807008bd21a52ee13a0c013d680181c52e5e5f3c05509a4918427168394c7b1,8:6|63:2|65:1|73:1,204,125,0.8,18,10,8,8,8,8,-10.117900609970093,6.990138369056935e-05,0.00019931793212890625,,0,0,True,False,False
train,d8eafdd8ef83fd96dc76ab45d13b7e75f68256350fdbe1dfb8cf0cd0e925405a,8:4|13:1|74:1,115,65,0.6,25,12,8,8,8,8,-8.701420783996582,0.011287615201487654,0.026689529418945312,,0,0,True,False,False
train,d97567628937551c504c42724e31427506926de595c2b5c16e63411ed7197a29,75:1,118,68,0.8,18,3,8,8,8,8,-12.457108736038208,0.00018152267476671734,0.00042629241943359375,,0,0,False,False,False
train,d9a82e213526cd4e50e0b53aea0ea2c58718cb08ee67f3c6800d7d239adc5ba2,21:2|43:1|81:1,154,92,0.6,17,4,8,8,8,8,-6.510781705379486,1.5347472655276934e-06,4.291534423828125e-06,,0,0,False,False,False
train,d9c029fab6b2cfd066e585f42ce3034cc8a4c916e40e06d6282d7988eed358af,20:1|49:1|79:1,202,124,0.8,26,12,8,8,8,8,-3.248018056154251,0.030888661049734027,0.11586833000183105,,0,0,False,False,False
train,dbef79c98fdb3fa4b09dcd80c60b4b53700dff07bb048fa4a9495e891645ee38,47:2|48:1|66:1,192,117,0.6,13,4,8,8,8,8,-3.1102459728717804,2.2101993820356318e-07,4.76837158203125e-07,,0,0,False,False,False
train,dc7576fa14ce49922cb9174ff8e4cd1003a00787f691fe0b488a693dfa4df8d0,8:4|30:1|47:2,83,44,0.8,62,14,8,8,8,8,-4.418058097362518,0.03080991067576119,0.10213851928710938,,0,0,True,False,True
train,de4517f15da930bd254a2208b27a6cf17b6393d9c8c4ec85b0cf1557f114e97b,17:6|19:1|39:1|55:2,168,102,0.6,13,10,8,8,8,8,-4.563405215740204,0.00015728127569493788,0.00044345855712890625,,0,0,False,False,False
train,de511690d8c3fdd5bcd7907a5da80f9a8e6b261c88bf681a15a207770899f556,17:6|47:1|55:2|59:1,29,11,0.8,10,10,8,8,8,8,-4.2423094511032104,7.021406915243671e-05,0.00021219253540039062,,0,0,False,False,False
train,df668b5dd71c0f125fc5dcb48dc44b0b3a2054b5ae52d9ec3f40cc4007379971,3:2|15:2|58:1,57,29,0.8,22,5,8,8,8,8,-5.028944671154022,0.06110497943133285,0.16050052642822266,,0,0,False,False,False
train,df8107b8e3c413296831847be7138064ba97e11e4cc2f91c9397095c6cd79b71,14:8|25:1|26:3,197,122,0.6,45,12,8,8,8,8,-6.656023383140564,0.09169149350564465,0.23700618743896484,,0,0,False,False,False
train,dfc0d9dc6d8686105d19ad22a54475d05416b8201f4f26b3fea8103a9f826013,17:9|51:2|55:3,58,30,0.8,34,14,8,8,8,8,-3.7698852717876434,0.022682222870805104,0.07302737236022949,,0,0,False,False,True
train,e091e46bad6b8317e27daa23eff3f861f6434ef17cf9f0d5170b7905b8e5e7f6,16:3|29:3|71:1,79,43,0.6,53,14,8,8,8,8,-5.132964611053467,0.02372100149719215,0.0773324966430664,,0,0,False,True,True
train,e149e4306a31846b21e48f30543f3660b8d3258d717f7687e4aabdf69b0099f0,30:2|59:1|62:1,99,55,0.6,9,4,8,8,8,8,-3.3240599930286407,2.8769662308038074e-06,6.9141387939453125e-06,,0,0,False,False,False
train,e396d7e35b6990a627a7a204789bb254b90c00feb215eb1d2f8f0cf762f0cd48,40:1|51:5|59:3,96,53,0.6,13,18,8,8,8,8,-5.855132758617401,0.031116773489790438,0.09127235412597656,,0,0,False,False,True
train,e419180e9a2fe22e74c74e20ace7a8a2d6fa2e2838df9f19afc4c401c838d92c,17:9|51:2|55:3,58,30,0.6,21,14,8,8,8,8,-3.766489416360855,0.022647628695646238,0.06709408760070801,,0,0,False,False,True
train,e4cecdd5752ccc67d23035c0d4ffb904336a5ed30c6fa12c2719597fbc7558b5,8:3|43:1|81:1,135,78,0.6,17,5,8,8,8,8,-6.984579801559448,1.1944747018695211e-05,4.100799560546875e-05,,0,0,True,False,False
train,e6d80d6993a022291f8f86225bf9abaaad91487b9880e1be5daacb65f6b2a648,47:3|70:1,74,39,0.6,13,4,8,8,8,8,-2.795057088136673,0.007583226672829449,0.01646733283996582,,0,0,False,False,False
train,e8d98dc175b374361b12f70af9ddcaf84effcbf2e1cf27e39334239a92b1d339,33:2|45:2|59:1,194,119,0.8,18,10,8,8,8,8,-6.676302492618561,0.03847517060753191,0.09269428253173828,,0,0,False,False,False
train,e9054599bc0fd5a44701252db3937bf1b3d6cc4e14a60127b915850596674365,48:1|57:2|79:2,145,84,0.6,33,10,8,8,8,8,-4.1373865604400635,0.03452382220863143,0.1196904182434082,,0,0,False,False,False
train,e9519b2943cc032cdb09077dff16840af1cc3226ea5d033a80c4a89e1cdf5aae,60:1|66:3,95,52,0.8,14,4,8,8,8,8,-4.618699550628662,1.2839233415447482e-06,3.337860107421875e-06,,0,0,False,False,False
train,ea9335f44049bb3774157625c817fe0f41433c7c583b699640519e74442001a5,48:1|80:3,126,72,0.8,18,8,8,8,8,8,-0.433665007352829,5.487716325517063e-05,0.00016069412231445312,,0,0,False,False,False
train,eb03559c0726939e1b3747fb8d7f2cfebbfc0aaf1bc765fda3c1d421c64d4a6f,27:10|42:2|59:1,65,33,0.6,41,13,8,8,8,8,-7.4557889103889465,0.0359331688447344,0.10510635375976562,,0,0,False,False,True
train,eb68d23b7c56d4a7432b845710c7e97847de32876c05dc563d19c7500c5d1a36,38:1|48:1|81:2,106,59,0.8,14,4,8,8,8,8,-2.0834623277187347,0.005436479045062403,0.01260066032409668,,0,0,False,False,False
train,ec13dab1aaa5e86452501ee304b2d1c5c68c93dfd5a5f7f70ad5ea3f520fb042,3:2|8:8|25:3|28:1,146,85,0.8,26,14,8,8,8,8,-7.315946877002716,0.031318979885658925,0.09661054611206055,,0,0,True,False,True
train,ec369ae73d4b8a6de3f9e251a159907c30002b1746c3cbf2aa49d324db6f56b9,34:3|40:1|63:1,75,40,0.6,45,20,8,8,8,8,-7.492025196552277,0.06684750232148146,0.19661808013916016,,0,0,False,False,True
train,ecfd18b0cf1d6962c852b342ed22600b5842d8f3ffd780b16509c47b64396770,9:6|11:3|28:1,108,60,0.6,85,20,8,8,8,8,-4.703668892383575,0.00025938319073768684,0.0008211135864257812,,0,0,False,False,True
train,edd2a706178e478a246ad36212a095d69ad92c997ef067a5d58131214e47bf73,3:2|46:1|80:1,9,0,0.8,18,4,8,8,8,8,-2.7416204810142517,0.000132092109723259,0.00027441978454589844,,0,0,False,False,False
train,edf00f2f0db551f1ef6e2e22facb3851cdbd5e93392d6308aed2989f0896e366,8:4|11:1|16:1|19:1,144,83,0.6,37,14,8,8,8,8,-5.9650155901908875,0.02091692484047205,0.05738496780395508,,0,0,True,True,True
train,eec4b8fb76132cc53d3d83ae36104a5032145f621d34eaec18919a750390a9c9,9:6|37:2|47:1|49:1,90,48,0.6,25,10,8,8,8,8,-4.527854263782501,6.509261129922574e-05,0.00019598007202148438,,0,0,False,False,False
train,f0c1348914dbcc56d5b37355d8332e7430c7dfdd70f3cd6f3a799afe99d4688b,45:2|49:1|57:2,103,58,0.8,10,10,8,8,8,8,-6.154442310333252,0.062428100730861844,0.14522838592529297,,0,0,False,False,False
train,f0c3ac9e0eadd86b8274597bf4c25e8524932ddd6a4236d2f8c2e119c71fd540,17:6|19:1|39:1|55:2,168,102,0.8,10,10,8,8,8,8,-4.533771812915802,0.03957986135620707,0.08193778991699219,,0,0,False,False,False
train,f1727287a27ec6de2f1146e1024880bede651ac7063543fb0936018d86ebf844,51:1|60:1|78:1,64,32,0.8,30,6,8,8,8,8,-6.121267795562744,0.008898820262543225,0.02703571319580078,,0,0,False,False,False
train,f3f1c55a9aaa91ecac25bb5a03e2799b3dad7d4fe49049e7dfdf75e7eabee37f,5:1|8:3|15:1|56:3,123,71,0.8,10,16,8,8,8,8,-6.30265885591507,0.04798181488844848,0.1360335350036621,,0,0,True,False,True
train,f5483be65d91c44e1527a708ab64823c9e3e83d060a67b50b5dbc8e26df80e3b,1:5|6:1|7:2|50:1|53:3,66,34,0.6,25,12,8,8,8,8,-4.716787397861481,0.07716215540036263,0.18116283416748047,,0,0,False,False,False
train,f5cf867045f2030c53a696d5cece94b91e3c104d4a48ad7416abf237083d7c59,26:2|28:1|34:4,187,114,0.8,18,7,8,8,8,8,-5.706835448741913,0.03556476412091117,0.11087846755981445,,0,0,False,False,False
train,f613efdc0d832f233b37444e88ae2bac7f703490dde3f788aed907caa7865c0c,34:3|40:1|63:1,75,40,0.8,30,20,8,8,8,8,-7.510124206542969,0.041250648941963626,0.12072372436523438,,0,0,False,False,True
train,f6576a705b0eff23f1edf0a1cb883902e0f77fcdf8802f1545b1aa25a8c3439e,8:4|30:1|47:2,83,44,0.6,45,14,8,8,8,8,-4.410635471343994,0.07809500143759576,0.23565387725830078,,0,0,True,False,True
train,f68f0948891f4ca309de4ed5f282296830b1574e62920579cb1c43fc959f144c,17:6|47:1|55:2|59:1,29,11,0.6,41,10,8,8,8,8,-4.242266297340393,1.7516465515506446e-05,5.1975250244140625e-05,,0,0,False,False,False
train,f7f58f0fa70fc93988feb1cd8757fa754a4331ade0d885c52fd1927266a74827,3:2|12:1|30:1,113,64,0.8,10,4,8,8,8,8,-1.7977837920188904,0.008427296752523242,0.017436742782592773,,0,0,False,False,False
train,f99631792e2293bc29793a1fa2a8a249898de6720c2892654d3362b75244a274,28:1|32:3|71:1,52,27,0.8,14,10,8,8,8,8,-5.323460102081299,0.01379563899170102,0.030671119689941406,,0,0,False,False,False
train,fa38c2e4d95916fda1084f4e88904e4d7dc93e7a2df3636a1c440b40b1db21ee,8:7|29:2|38:2|59:1|81:1,93,50,0.8,34,13,8,8,8,8,-6.257911324501038,0.03536047819259823,0.10955333709716797,,0,0,True,False,True
train,fb9fad5678a02697386a5a0fd66add982eb256d741102ca2fdd26f6508d88209,17:6|19:3|69:1,39,18,0.6,45,10,8,8,8,8,-4.316972196102142,9.128051931060093e-05,0.00030612945556640625,,0,0,False,False,False
train,fbf623bae616f84bc1437c47e4ef2ebff5b2fd68ba52a617d4259eaa1e8ec0d4,8:6|63:2|65:1|73:1,204,125,0.6,33,10,8,8,8,8,-10.117756962776184,2.435343962439301e-05,7.152557373046875e-05,,0,0,True,False,False
validation,0ceefdeee6d57a62dcbde4c851c253ae91ef16b777bd642d82e4a28536dc5d24,8:12|39:4|58:3,97,20,0.6,45,19,16,16,16,8,-9.24503207206726,0.029333304769936657,0.0941162109375,-0.14285714285714285,13,28,True,False,True
validation,0d73a07dac8b82e35d78fa5710bc8ed9fc50a8ae6d636b075f22ae40b79c5304,27:2|31:1|40:1,100,21,0.8,18,4,16,16,16,8,-6.848080098628998,9.584864267171558e-06,2.5033950805664062e-05,0.8601060779881873,0,0,False,False,False
validation,0d85e8b86fd5b352058342cb43361ec73677e79e26c7fe877f461dcdfb04a2f9,6:1|7:2|8:2|67:2,72,13,0.8,26,7,16,16,16,8,-8.762851238250732,0.11835823020416786,0.37650299072265625,0.6428571428571429,19,25,True,False,False
validation,176c6c171391d6827d84bb213d2288c32c5faa0fc982b7a88213457a9ec157ac,17:1|52:1|60:1,22,3,0.6,13,6,16,16,16,8,-5.314929366111755,0.025280054377802147,0.07474565505981445,-0.21428571428571427,12,27,False,False,False
validation,1bf20618dfad361b27fb5250fdc24708686f9f976b489a179d98b271a9d6db2b,8:1|9:7|26:4,45,8,0.6,45,12,16,16,16,8,-6.735639750957489,0.001960698836003953,0.006167173385620117,-0.19047619047619047,9,22,True,False,False
validation,1de870b472d38cd42a01c2b5309f75a26a381a22a6c9e205a79bef38b86f7aa0,31:3|66:1,13,0,0.8,30,16,16,16,16,8,-3.936509907245636,0.014086153301795742,0.04009556770324707,0.6428571428571429,19,26,False,False,True
validation,288424fc788edacc89a1961ea4ba58962d35b525d5405f6defb453da7a2df4b3,8:3|28:1|59:1,124,26,0.6,57,20,16,16,16,8,-7.451044887304306,0.0001660595645953396,0.0005104541778564453,0.6428571428571429,8,11,True,False,True
validation,292d747fc7c64acdfd5d5d1fc29f4bd5ffe9eeef904e0c7193f0ec442f3f24a9,9:11|40:2|46:1|47:1,85,18,0.6,41,15,16,16,16,8,-6.165401428937912,0.02341516264685066,0.06396913528442383,0.30952380952380953,15,22,False,False,True
validation,2ea20f7d4ac2fcd543c97fc61daa9580fc6ecbbcff27766e2eb96c3f1f525f83,51:3|64:4,76,14,0.8,46,14,16,16,16,8,-10.88919860124588,0.021445694612331808,0.061545372009277344,-0.023809523809523808,12,25,False,False,True
validation,32f0ce6ea98e7fced4585247fccb4afa587c634b37f38dcf50eb6278df4e53bc,31:3|66:1,13,0,0.6,49,16,16,16,16,8,-3.9074204862117767,0.02269338179396619,0.07976174354553223,-0.047619047619047616,14,28,False,False,True
validation,36a1c8fed96ddbddc72ca09a8cc4adca3e3d29d208e20c28e9237404c95a5b9a,11:1|12:1|81:2,107,23,0.8,10,4,16,16,16,8,-2.0008808076381683,9.451377918660331e-06,2.8848648071289062e-05,0.6193235372853323,0,0,False,False,False
validation,39804dc747193febe56bdfaa4631c43787e365d7044266a0ec1e4c9277746090,29:1|33:2|67:1,18,2,0.8,30,8,16,16,16,8,-5.204478085041046,0.028623289190470733,0.08134937286376953,-0.7380952380952381,6,22,False,False,False
validation,41493d4d300fb5a4233cb90c346de025712ce6c11dbb2529070cc39edb7172fc,8:12|39:4|58:3,97,20,0.8,30,19,16,16,16,8,-9.226375043392181,0.01812328706916043,0.0529170036315918,-0.023809523809523808,13,27,True,False,True
validation,455b5f88040f27a85fef15c371b5300f4e8952a3330ab2b47fd41ed0d40825b7,52:1|56:1,114,25,0.8,10,2,16,16,16,8,-4.489823788404465,2.2101993820356318e-07,7.152557373046875e-07,0.06506000486323554,0,0,False,False,False
validation,4b814d6f5407f2be676fa4011238e7a6dc4ebc7e6fa010d9313cf3eeac1c468a,3:1|14:2|58:1,125,27,0.8,42,16,16,16,16,8,-5.082804203033447,0.02094127608789641,0.06412959098815918,-0.2619047619047619,12,28,False,False,True
validation,4fe2b6885486c20a321b779db0a42c9b19f8ca2100f45a5792297eb220ec5350,52:1|56:1,114,25,0.6,9,2,16,16,16,8,-4.425766259431839,2.511188320272076e-07,9.5367431640625e-07,0.6614378277661476,0,0,False,False,False
validation,514ff0f5dda1f5ca30b00da3b905224c83666f47a6bdd9d8658a1545f5f03154,13:3|31:1,80,15,0.8,10,4,16,16,16,8,-3.483145132660866,0.00018434003795153798,0.00047278404235839844,0.0,1,3,False,False,False
validation,5780297e15046d4c6bdd656f4a7c53ca92206700fa03e7d0986d9c2b72c09584,12:1|49:2|52:4,56,10,0.6,33,7,16,16,16,8,-3.4928428679704666,0.011138704615823468,0.03316378593444824,-0.42857142857142855,10,28,False,False,False
validation,583509b01376e15a35f746b0ef9fd64a2dbe25cc0f4b41059c85a089e60b0e87,21:2|29:1|76:1,134,29,0.6,17,4,16,16,16,8,-7.428854703903198,1.3293840274286889e-05,2.6941299438476562e-05,-0.5953661455273146,0,0,False,False,False
validation,59382d0bc05cbc03ca63815c67a9045920f46f0e57de1dd9262f7533e86e5fb5,3:1|14:2|58:1,125,27,0.6,49,16,16,16,16,8,-5.091291397809982,0.014559810887400833,0.047718048095703125,-0.07142857142857142,13,28,False,False,True
validation,5bd03cc7cd9ad787c90e1f09f7341a72bc860b15ab5a0a3d0d861293ab9efbd0,3:4|8:12|26:1|52:3,112,24,0.6,77,20,16,16,16,8,-5.993526965379715,0.013463675648167034,0.046431541442871094,-0.5714285714285714,7,28,True,False,True
validation,6270cc6d1f5fbaa3c823eda91d99751ba837dbe37d9cef601d5778567f9ca6dd,8:6|24:1|42:1|57:2,62,11,0.8,10,10,16,16,16,8,-8.978882610797882,0.00012156540824888957,0.00039768218994140625,-0.5238095238095238,5,18,True,False,False
validation,636c3ae35a7e022664032a56108c8d177afe42a585916aeb8666da52cc8a3d00,8:3|28:1|59:1,124,26,0.8,30,20,16,16,16,8,-7.450660169124603,0.00021154963115553268,0.0006618499755859375,0.5,16,20,True,False,True
validation,659214ff8be9bb28117c924af6be4658e1af2bdc5ae9f47bfe2aa39478040c3d,47:1|68:1|80:2,36,7,0.6,13,4,16,16,16,8,-2.3308649957180023,6.617659203990039e-06,1.3589859008789062e-05,0.5738190417570045,0,0,False,False,False
validation,691a7810f15853514ea0ff00420dd102689a5580defcb1b8633e557d13efb33e,13:3|31:1,80,15,0.6,9,4,16,16,16,8,-3.4823432564735413,0.001109693414792655,0.003119230270385742,0.5,11,16,False,False,False
validation,692c55d6e32b28a68aabed49927683197d60d5af0ca2d519948f04d8093d2225,47:2|64:1|71:1,82,16,0.8,10,4,16,16,16,8,-6.390843391418457,3.9871542424142784e-05,0.00010347366333007812,0.0675737378399486,0,0,False,False,False
validation,7016cd18b978db07f2fed8e4be3429da40442e5c95e9cdf07bfbe8e2028b6755,29:1|33:2|67:1,18,2,0.6,21,8,16,16,16,8,-5.240366518497467,0.0554543378525995,0.16185736656188965,0.14285714285714285,10,13,False,False,False
validation,76fea8f81f98d0bf9feb384289dc54e09afe02e4970c45c5e0a16d0af6456cff,8:6|24:1|42:1|57:2,62,11,0.6,37,10,16,16,16,8,-8.978403747081757,0.00027457156999506263,0.000762939453125,0.3333333333333333,15,21,True,False,False
validation,7988c597eaecf195cfa651054e5507a8f3db70755a4da4727fbc78dde6e29131,8:4|40:1|72:1,27,4,0.6,17,12,16,16,16,8,-10.255933046340942,0.009823403953096015,0.03332042694091797,-0.047619047619047616,9,21,True,False,False
validation,82c716cfa1cfcfeb3e6fb8ac6a38708b6bfd2b1e55b8eee64238304ddde498e3,8:8|32:1|72:3,140,30,0.8,26,12,16,16,16,8,-9.639402687549591,0.027711522619843876,0.07332086563110352,0.2857142857142857,9,13,True,False,False
validation,8a31dd0ba79c7290ec82889c7c80f6cbb9f1ed5788c12e7e46806d1ef2c103e1,8:4|13:1|15:1,86,19,0.6,41,12,16,16,16,8,-7.8958580493927,0.03482831720756259,0.0986635684967041,0.14285714285714285,17,27,True,False,False
validation,8dd9ebb104707345bf9d6ae2208217e8932262f747e37b4a9bbd072d32bd4d6d,8:6|20:2|26:1|51:1,51,9,0.6,73,20,16,16,16,8,-7.140975117683411,0.0061366249838571835,0.013730764389038086,-0.6904761904761905,2,9,True,False,True
validation,96472577f723091e3c0ded979361b780a3255ce38f2c74785cbf1cdd7c9f46bc,38:1|49:3|79:1,84,17,0.8,26,5,16,16,16,8,-3.0594722479581833,0.022672938386579935,0.059155821800231934,0.3333333333333333,14,20,False,False,False
validation,9a4a0f9fcad74fe5a979c22483b1d7ce6b34226c857e036e45bfb2f16db3c9ec,13:2|34:3,28,5,0.8,10,10,16,16,16,8,-4.549805551767349,0.03272113632948915,0.09159445762634277,-0.8333333333333334,4,27,False,False,False
validation,9ebefddff9f4fc1919e3a2c0e5a576521dfd63d56105042566d1c2a823701bd2,8:4|35:1|65:1|83:2,14,1,0.8,18,8,16,16,16,8,-6.628911316394806,6.706386086702116e-05,0.00022292137145996094,-0.21557272714438658,2,11,True,False,False
validation,9f2ac1ebce7488feb62fa0313e49f6a1046beb4ddce237d7fb98c1373c0249c1,8:4|65:1|91:1,128,28,0.6,29,12,16,16,16,8,-9.803845047950745,0.0008929409452166482,0.002673625946044922,-0.23809523809523808,5,9,True,False,False
validation,9f3fdc27faa105c83ed10119abc6cafd5c6be512d49606e7556f81a4ccad0d17,13:2|34:3,28,5,0.6,29,10,16,16,16,8,-4.6531825959682465,0.013844136118216782,0.04652094841003418,-0.2857142857142857,8,25,False,False,False
validation,a0b689a8bfd10503c6b18322d372c3d109d9c77463a02d3b73410afa98091bb1,9:6|19:3|45:1,104,22,0.6,9,10,16,16,16,8,-4.805869966745377,0.0002369223056299015,0.0006349086761474609,-0.3333333333333333,4,11,False,False,False
validation,a2c72aeddf022a2b5cb6726afc42b31e2de960cb6d3859c6ea27ef0634079e30,47:2|64:1|71:1,82,16,0.6,9,4,16,16,16,8,-6.390812784433365,1.0369109826634043e-05,2.4557113647460938e-05,-0.5349286388376011,0,0,False,False,False
validation,a4af453b08ce54ff8c52b810f9b7f264b56ca1e7d780746974e05e6c053f6251,8:6|23:1|26:1|38:1|57:1,67,12,0.6,69,20,16,16,16,8,-8.24066013097763,0.0016664640129145992,0.004639148712158203,-0.40476190476190477,9,26,True,False,True
validation,a57e789708bd6d343999d6918b17d2c736374bb1c1538431e720102e48183c23,38:1|49:3|79:1,84,17,0.6,21,5,16,16,16,8,-3.0766349881887436,0.012851035633958487,0.03237783908843994,0.023809523809523808,4,16,False,False,False
validation,a5b2d5c95b15be6e87fb1a9b4fd357105c819763818b1d9380ad3dbee08c2b8d,8:8|32:1|72:3,140,30,0.6,33,12,16,16,16,8,-9.680508434772491,0.00764729326599092,0.01672506332397461,-0.23809523809523808,2,6,True,False,False
validation,ae33c1c725680745315876f79d003539898589e8754ab11ea086cb9892d45572,8:4|40:1|72:1,27,4,0.8,38,12,16,16,16,8,-10.261193752288818,0.0022015822301539732,0.006928443908691406,0.23809523809523808,12,20,True,False,False
validation,b141154fe11f3a43d1969ed78641b9c5c2c23d9766000ef35c3f1c1f916561ab,11:1|12:1|81:2,107,23,0.6,9,4,16,16,16,8,-2.0008591264486313,2.3733536512125096e-05,5.2928924560546875e-05,0.07288765166106369,0,0,False,False,False
validation,ba97e2de2d27bff93c1990370bffe4719b16b36b7e1ea0fa74e50a5f77da0bd5,50:5|58:3,141,31,0.6,65,16,16,16,16,8,-5.307978868484497,0.01500115454868198,0.041950225830078125,-0.5476190476190477,7,26,False,False,True
validation,c127806d0509a82987846677f6f3f706cd514e7ccf631bf0588e8d252c116622,51:3|64:4,76,14,0.6,37,14,16,16,16,8,-10.928634464740753,0.02429528822679909,0.07319021224975586,0.11904761904761904,5,7,False,False,True
validation,c3b03ced03ccfb9c720c704b7d5cc30eaf730bcae5ec7ddb56ee29d3919127e7,8:6|23:1|26:1|38:1|57:1,67,12,0.8,22,20,16,16,16,8,-8.22709596157074,0.012175366636328603,0.039632320404052734,-0.047619047619047616,13,24,True,False,True
validation,c9067d426c47ca5d18376a3fe4f8f40767d680da99882182239cf9c6d45737e8,8:1|9:7|26:4,45,8,0.8,14,12,16,16,16,8,-6.729843646287918,0.00663131309172496,0.017963409423828125,-0.07142857142857142,11,23,True,False,False
validation,cbd8532dc4afc1f2ffcfb67e0ccd3b0672de9213a6a8c437980316ab0be36079,9:6|19:3|45:1,104,22,0.8,26,10,16,16,16,8,-4.805389761924744,0.00011961866658528925,0.0003285408020019531,0.047619047619047616,5,10,False,False,False
validation,cbe72cf21028c95bbef771187a51637e11252790f3255575cf3a56397ce1d6ac,47:1|68:1|80:2,36,7,0.8,14,4,16,16,16,8,-2.33069808781147,8.955176370511011e-06,2.372264862060547e-05,-0.24392057775486742,0,0,False,False,False
validation,ceb8d4eb78e261d145ebcff641459be8973ef695e655886036d9e1bd47891721,8:6|20:2|26:1|51:1,51,9,0.8,50,20,16,16,16,8,-7.141136646270752,0.005713844981475876,0.014203071594238281,0.38095238095238093,12,14,True,False,True
validation,d2c13b8ec4860fd596414e305c9cc5990fdf00569728e2ddb2d93f09f1ff437a,8:4|13:1|15:1,86,19,0.8,30,12,16,16,16,8,-7.869036614894867,0.06429726712070517,0.1821134090423584,0.09523809523809523,16,28,True,False,False
validation,dabdf46ac448a04a2d60e3e56897871694d3eae04a4c9818c5b7464cda8fda1f,9:11|40:2|46:1|47:1,85,18,0.8,30,15,16,16,16,8,-6.1296566426754,0.021196835044523594,0.0747520923614502,-0.11904761904761904,13,28,False,False,True
validation,dd9675466bfda29dfcae6f957550df1e632288ffd3135df4ab9c9453a67e0ee8,50:5|58:3,141,31,0.8,30,16,16,16,16,8,-5.294712603092194,0.018560692733465424,0.06842231750488281,0.14285714285714285,14,26,False,False,True
validation,dde6f54de40f6a7f56d0f76cfbae918153eae94f383d5d7ddb90b2e78780aaf3,17:1|52:1|60:1,22,3,0.8,22,6,16,16,16,8,-5.303024739027023,0.03814294655691777,0.13140487670898438,-0.14371515142959107,8,22,False,False,False
validation,df48dae3f1ea010dd9187a57db8fbeb5f59c30ddbfd96c0cf75a23a437de5f35,8:4|35:1|65:1|83:2,14,1,0.6,25,8,16,16,16,8,-6.628903150558472,0.00012080795505001802,0.0003750324249267578,-0.16970008634792816,5,8,True,False,False
validation,e25b511bdc2d8d452d0ea8a99ca8c6444cbae5c7e0f9d5bb8e4f943507127540,3:4|8:12|26:1|52:3,112,24,0.8,50,20,16,16,16,8,-6.013660341501236,0.01765325719927091,0.05846810340881348,-0.19047619047619047,12,28,True,False,True
validation,e3fcc29d979fbdb71d21d5b0ad36c0da0a5508d18e966e4013a6c2b0c8068884,12:1|49:2|52:4,56,10,0.8,18,7,16,16,16,8,-3.5161719024181366,0.004566176847641074,0.013154029846191406,-0.6904761904761905,6,25,False,False,False
validation,e5f89fc3e08723d361e5c3d4d3c68ef5b6bf886588af7a35a89b8bc6268b1db9,27:2|31:1|40:1,100,21,0.6,13,4,16,16,16,8,-6.84811145067215,3.670886467401779e-05,8.535385131835938e-05,0.5622389136812459,0,0,False,False,False
validation,f24df6770735f14fa4a9868f9f190387feb5393553b05463609d59bf44471e8b,6:1|7:2|8:2|67:2,72,13,0.6,33,7,16,16,16,8,-8.826248407363892,0.10105311126929292,0.26390981674194336,-0.05988131309566294,11,21,True,False,False
validation,f49c812b1d538865fba00b29a92df9995f460aecce65bac65e0c328c541977be,33:4|63:3,33,6,0.8,30,14,16,16,16,8,-8.045431286096573,0.02302620029393785,0.06812238693237305,0.11904761904761904,15,28,False,False,True
validation,f621468d982e0ebfadad3b12e1bae36062fc53d89c23fa8d3b5ffa8426e0fe66,8:4|65:1|91:1,128,28,0.8,30,12,16,16,16,8,-9.802680313587189,0.000625416149181671,0.0013928413391113281,0.09523809523809523,4,7,True,False,False
validation,f681cdb2da0922ee230cfed2a15c4e494f228f385b5254eb7c1e5f764ac62d8b,21:2|29:1|76:1,134,29,0.8,18,4,16,16,16,8,-7.428898930549622,5.910184505577345e-06,2.3603439331054688e-05,-0.3092895668566356,0,0,False,False,False
validation,fea1bbc323261a37d77ddc9cc75bc00fdf155ce5ea47f9d687e8db0957ddb5eb,33:4|63:3,33,6,0.6,53,14,16,16,16,8,-8.034197837114334,0.03320223554986965,0.08907222747802734,0.8095238095238095,23,28,False,False,True
